Sensor Type,x,y,x dot,y dot,phi,rmse x,rmse y,rmse x dot,rmse y dot
L,0.312243,0.58034,0,0, ,0.287757,0.0196602,5.19994,0
R,0.779913,0.722413,6.65259,1.97674,1.077186,0.211208,0.0876373,3.81773,1.3965
L,0.779913,0.722413,6.65259,1.97674, ,0.261321,0.100483,3.22809,1.61107
R,0.815911,0.252273,4.02203,2.40088,0.566942,0.361598,0.194706,2.85688,1.83706
L,0.815911,0.252273,4.02203,2.40088, ,0.490301,0.233878,2.60886,1.95844
R,1.41984,0.46923,4.84549,1.72433,0.384121,0.488597,0.220321,2.38589,1.91741
L,1.41984,0.46923,4.84549,1.72433, ,0.531812,0.210249,2.21289,1.88617
R,1.96211,0.601069,4.93141,1.3359,0.324993,0.523093,0.196679,2.07208,1.82196
L,1.96211,0.601069,4.93141,1.3359, ,0.548068,0.18545,1.95554,1.76926
R,2.59534,0.663928,5.18745,0.769716,0.290741,0.531182,0.176675,1.85519,1.69255
L,2.59534,0.663928,5.18745,0.769716, ,0.538143,0.16904,1.76886,1.62643
R,3.23205,0.612332,5.33373,0.0648654,0.233576,0.519355,0.161871,1.69406,1.55726
L,3.23205,0.612332,5.33373,0.0648654, ,0.516842,0.15559,1.62811,1.49631
R,3.82477,0.626633,5.45917,0.0672903,0.162886,0.499702,0.149955,1.57059,1.44211
L,3.82477,0.626633,5.45917,0.0672903, ,0.494315,0.144951,1.51901,1.39355
R,4.37972,0.642317,5.29363,0.0712842,0.143910,0.479491,0.140387,1.47106,1.34978
L,4.37972,0.642317,5.29363,0.0712842, ,0.473967,0.136326,1.42742,1.31013
R,4.91739,0.64177,5.05143,0.0101947,0.131531,0.461166,0.132788,1.38749,1.27472
L,4.91739,0.64177,5.05143,0.0101947, ,0.456168,0.129806,1.35076,1.24256
R,5.42504,0.650263,5.28578,0.05922,0.117990,0.445238,0.127229,1.31683,1.2127
L,5.42504,0.650263,5.28578,0.05922, ,0.441679,0.125319,1.2854,1.18545
R,5.9357,0.547441,5.07769,-0.294874,0.109773,0.432166,0.129664,1.25595,1.1679
L,5.9357,0.547441,5.07769,-0.294874, ,0.429579,0.134974,1.22843,1.15269
R,6.45274,0.630103,5.05102,0.0345637,0.080212,0.421116,0.136228,1.20271,1.13221
L,6.45274,0.630103,5.05102,0.0345637, ,0.419027,0.138665,1.17852,1.11376
R,6.96896,0.622992,4.83779,-0.0171283,0.090806,0.411413,0.142807,1.15703,1.09825
L,6.96896,0.622992,4.83779,-0.0171283, ,0.409687,0.148316,1.13668,1.08463
R,7.54929,0.6766,5.26143,0.144027,0.083170,0.402367,0.152037,1.11657,1.06962
L,7.54929,0.6766,5.26143,0.144027, ,0.399087,0.157306,1.09756,1.0563
R,8.07469,0.746357,4.96298,0.267178,0.085361,0.3924,0.160376,1.07936,1.04247
L,8.07469,0.746357,4.96298,0.267178, ,0.389197,0.165147,1.06201,1.03019
R,8.58583,0.997702,5.29067,0.871012,0.089953,0.383083,0.16292,1.04604,1.01397
L,8.58583,0.997702,5.29067,0.871012, ,0.380192,0.161511,1.03091,0.998519
R,9.18124,1.08512,5.26735,0.84846,0.118457,0.374758,0.159532,1.01639,0.983962
L,9.18124,1.08512,5.26735,0.84846, ,0.370623,0.158478,1.00262,0.970293
R,9.73763,1.27053,5.25263,1.08003,0.119938,0.366033,0.156282,0.989448,0.956723
L,9.73763,1.27053,5.25263,1.08003, ,0.361636,0.1543,0.976946,0.943772
R,10.2502,1.47001,4.91156,1.24916,0.133523,0.357554,0.153117,0.964053,0.931294
L,10.2502,1.47001,4.91156,1.24916, ,0.353376,0.151263,0.951635,0.919283
R,10.7273,1.6155,4.62475,1.25427,0.147407,0.34945,0.150526,0.940904,0.907805
L,10.7273,1.6155,4.62475,1.25427, ,0.345719,0.148885,0.93041,0.896943
R,11.2493,1.64458,4.90758,1.06512,0.154344,0.342376,0.147106,0.919274,0.888315
L,11.2493,1.64458,4.90758,1.06512, ,0.338665,0.145746,0.908552,0.880763
R,11.7128,1.69299,4.82324,0.936497,0.148064,0.335356,0.14482,0.898169,0.876346
L,11.7128,1.69299,4.82324,0.936497, ,0.332032,0.145652,0.888137,0.873308
R,12.2002,1.89948,5.01094,1.202,0.145470,0.32901,0.144304,0.879114,0.867301
L,12.2002,1.89948,5.01094,1.202, ,0.325835,0.144326,0.870575,0.862486
R,12.7043,1.95534,5.13012,1.0882,0.157693,0.3233,0.145196,0.863565,0.860946
L,12.7043,1.95534,5.13012,1.0882, ,0.32014,0.149052,0.85714,0.860859
R,13.2125,2.23807,5.20613,1.45503,0.154920,0.318247,0.148143,0.85226,0.855905
L,13.2125,2.23807,5.20613,1.45503, ,0.315133,0.14923,0.848051,0.852121
R,13.5616,2.62223,4.5395,1.86613,0.171851,0.312356,0.148222,0.839865,0.844892
L,13.5616,2.62223,4.5395,1.86613, ,0.309942,0.146869,0.831906,0.838433
R,13.9992,2.79359,4.52601,1.84023,0.197789,0.307244,0.145557,0.82419,0.833104
L,13.9992,2.79359,4.52601,1.84023, ,0.305063,0.144717,0.816752,0.828769
R,14.4899,2.95427,4.80097,1.84097,0.203194,0.30279,0.143567,0.81129,0.825505
L,14.4899,2.95427,4.80097,1.84097, ,0.300375,0.144151,0.806447,0.823397
R,14.9178,3.3761,4.73876,2.29868,0.206651,0.298184,0.143759,0.801631,0.817301
L,14.9178,3.3761,4.73876,2.29868, ,0.295901,0.142546,0.797483,0.811921
R,15.3452,3.73628,4.40068,2.47262,0.230129,0.29385,0.143945,0.791311,0.805995
L,15.3452,3.73628,4.40068,2.47262, ,0.291636,0.143046,0.785587,0.800729
R,15.798,3.82889,4.4149,2.18723,0.247197,0.29001,0.141909,0.780479,0.799578
L,15.798,3.82889,4.4149,2.18723, ,0.287742,0.141703,0.775974,0.799599
R,16.22,4.08021,4.16619,2.18782,0.244268,0.286407,0.140636,0.770396,0.800833
L,16.22,4.08021,4.16619,2.18782, ,0.284199,0.141393,0.765287,0.803327
R,16.6495,4.3446,4.24099,2.28292,0.252874,0.283399,0.140644,0.76132,0.805363
L,16.6495,4.3446,4.24099,2.28292, ,0.281312,0.142644,0.758092,0.80864
R,16.9943,4.69357,3.71448,2.37937,0.261691,0.280246,0.141763,0.752518,0.811381
L,16.9943,4.69357,3.71448,2.37937, ,0.278213,0.143365,0.747186,0.81533
R,17.3766,4.85995,3.75138,2.26179,0.276694,0.277452,0.145062,0.742354,0.822905
L,17.3766,4.85995,3.75138,2.26179, ,0.275543,0.152071,0.738036,0.831715
R,17.7471,5.0006,3.68274,2.09768,0.279040,0.275143,0.16008,0.733885,0.84567
L,17.7471,5.0006,3.68274,2.09768, ,0.273409,0.175467,0.730391,0.860737
R,18.0435,5.42719,3.41937,2.41866,0.280063,0.272691,0.180226,0.725923,0.86931
L,18.0435,5.42719,3.41937,2.41866, ,0.270945,0.191361,0.721983,0.87896
R,18.3151,5.9602,3.3239,2.9109,0.299094,0.269903,0.192184,0.718089,0.880567
L,18.3151,5.9602,3.3239,2.9109, ,0.268161,0.197497,0.714864,0.883079
R,18.5781,6.43996,3.09512,3.17699,0.323461,0.266945,0.197097,0.710896,0.882686
L,18.5781,6.43996,3.09512,3.17699, ,0.265251,0.200137,0.70754,0.883059
R,18.8623,6.88472,3.09506,3.40108,0.343591,0.264163,0.199394,0.704956,0.881473
L,18.8623,6.88472,3.09506,3.40108, ,0.262544,0.201656,0.703311,0.880535
R,19.0704,7.26335,2.6852,3.35993,0.360389,0.261221,0.201294,0.699544,0.880743
L,19.0704,7.26335,2.6852,3.35993, ,0.259645,0.204464,0.696381,0.881608
R,19.3346,7.62079,2.70382,3.40584,0.374419,0.25855,0.204968,0.694156,0.882509
L,19.3346,7.62079,2.70382,3.40584, ,0.257048,0.209843,0.692934,0.884017
R,19.5293,8.03728,2.60393,3.54019,0.385746,0.255894,0.210607,0.691823,0.884374
L,19.5293,8.03728,2.60393,3.54019, ,0.254433,0.215925,0.691919,0.885255
R,19.7621,8.3703,2.38314,3.42202,0.401043,0.253597,0.218575,0.690857,0.888236
L,19.7621,8.3703,2.38314,3.42202, ,0.252306,0.22684,0.691015,0.891698
R,19.898,8.89493,2.05502,3.62343,0.410829,0.251295,0.228053,0.689116,0.892868
L,19.898,8.89493,2.05502,3.62343, ,0.249985,0.234003,0.688277,0.894429
R,20.0021,9.37486,1.70857,3.70562,0.431535,0.248811,0.234863,0.685668,0.895335
L,20.0021,9.37486,1.70857,3.70562, ,0.247488,0.240163,0.683928,0.896557
R,19.9681,10.2148,1.4473,4.4553,0.450031,0.246252,0.238979,0.68128,0.892238
L,19.9681,10.2148,1.4473,4.4553, ,0.245229,0.238368,0.679464,0.888068
R,20.0401,10.6634,1.09268,4.30497,0.487377,0.24411,0.237156,0.676386,0.88474
L,20.0401,10.6634,1.09268,4.30497, ,0.243186,0.236809,0.673941,0.881564
R,19.9895,11.4017,0.800482,4.7385,0.503289,0.242869,0.237507,0.670806,0.877082
L,19.9895,11.4017,0.800482,4.7385, ,0.242806,0.236374,0.668222,0.872678
R,19.92,11.9185,0.157961,4.51232,0.534309,0.243786,0.237527,0.66514,0.868869
L,19.92,11.9185,0.157961,4.51232, ,0.244935,0.236521,0.661869,0.865136
R,19.9817,12.3156,0.45647,4.60587,0.555339,0.245382,0.23662,0.659596,0.861174
L,19.9817,12.3156,0.45647,4.60587, ,0.245836,0.235469,0.658162,0.857268
R,20.0177,12.6626,0.0822451,4.17167,0.567848,0.245853,0.234584,0.655426,0.855534
L,20.0177,12.6626,0.0822451,4.17167, ,0.245763,0.233812,0.653305,0.85377
R,20.1938,12.854,0.264218,3.78156,0.578579,0.244636,0.233362,0.653577,0.85552
L,20.1938,12.854,0.264218,3.78156, ,0.243497,0.235788,0.655207,0.857066
R,20.1432,13.3085,0.0844411,3.84679,0.579463,0.242395,0.235517,0.656228,0.857709
L,20.1432,13.3085,0.0844411,3.84679, ,0.241281,0.238233,0.65869,0.858127
R,20.1736,13.6212,-0.0826373,3.58552,0.596837,0.240279,0.23971,0.660625,0.861084
L,20.1736,13.6212,-0.0826373,3.58552, ,0.239473,0.245376,0.664086,0.863643
R,20.0571,14.0838,-0.343585,3.65569,0.606186,0.238471,0.246815,0.665836,0.865034
L,20.0571,14.0838,-0.343585,3.65569, ,0.237696,0.252243,0.669048,0.866043
R,20.0629,14.3512,-0.327479,3.47874,0.625108,0.237372,0.256725,0.674089,0.868488
L,20.0629,14.3512,-0.327479,3.47874, ,0.237696,0.266203,0.680856,0.870429
R,19.9427,14.7449,-1.01852,3.07933,0.633084,0.237655,0.271431,0.680682,0.876681
L,19.9427,14.7449,-1.01852,3.07933, ,0.238477,0.281562,0.681615,0.882125
R,19.8553,15.0576,-0.96688,3.11333,0.649033,0.239348,0.289024,0.684388,0.886353
L,19.8553,15.0576,-0.96688,3.11333, ,0.241498,0.301541,0.688584,0.889836
R,19.6261,15.5341,-1.14246,3.36053,0.661078,0.242048,0.307408,0.691963,0.890162
L,19.6261,15.5341,-1.14246,3.36053, ,0.243929,0.317687,0.696758,0.889971
R,19.4549,15.92,-1.4375,3.23061,0.682833,0.245066,0.323733,0.699244,0.890326
L,19.4549,15.92,-1.4375,3.23061, ,0.247863,0.333928,0.703006,0.89012
R,19.1174,16.4698,-2.16801,3.11313,0.699317,0.248046,0.337167,0.701319,0.890296
L,19.1174,16.4698,-2.16801,3.11313, ,0.24967,0.343669,0.700285,0.889891
R,18.8747,16.8819,-1.99261,3.481,0.726071,0.250104,0.346455,0.701507,0.887047
L,18.8747,16.8819,-1.99261,3.481, ,0.25221,0.352173,0.703763,0.883989
R,18.593,17.2861,-2.19381,3.46886,0.745165,0.252728,0.354466,0.705006,0.880795
L,18.593,17.2861,-2.19381,3.46886, ,0.255071,0.359361,0.707226,0.877488
R,18.3635,17.5454,-2.51687,2.99445,0.764832,0.256455,0.362898,0.707365,0.875423
L,18.3635,17.5454,-2.51687,2.99445, ,0.260131,0.36913,0.708307,0.872991
R,18.2028,17.8356,-2.46843,2.88332,0.777975,0.263841,0.373239,0.710591,0.870666
L,18.2028,17.8356,-2.46843,2.88332, ,0.270634,0.37993,0.713806,0.868018
R,17.922,18.0918,-2.70538,2.61789,0.790053,0.27525,0.384835,0.715444,0.866079
L,17.922,18.0918,-2.70538,2.61789, ,0.283245,0.392213,0.717899,0.863739
R,17.4337,18.6184,-3.12291,2.85499,0.804896,0.285736,0.393971,0.717486,0.860612
L,17.4337,18.6184,-3.12291,2.85499, ,0.291145,0.39746,0.717652,0.857465
R,16.8666,19.1437,-3.7033,2.89441,0.834836,0.291541,0.397109,0.715332,0.85443
L,16.8666,19.1437,-3.7033,2.89441, ,0.294085,0.397775,0.713245,0.851599
R,16.6011,19.1753,-3.70016,2.32012,0.866957,0.295797,0.399363,0.711446,0.848762
L,16.6011,19.1753,-3.70016,2.32012, ,0.300313,0.402332,0.709957,0.845801
R,16.2482,19.3885,-3.61558,2.38053,0.874288,0.302665,0.40416,0.70928,0.842832
L,16.2482,19.3885,-3.61558,2.38053, ,0.308101,0.40725,0.709006,0.840003
R,15.493,19.9791,-4.3282,2.64044,0.890324,0.307543,0.406324,0.706541,0.838322
L,15.493,19.9791,-4.3282,2.64044, ,0.30857,0.40591,0.704127,0.837237
R,15.0447,20.1635,-4.48686,2.28957,0.931169,0.307978,0.405058,0.701716,0.83512
L,15.0447,20.1635,-4.48686,2.28957, ,0.308957,0.404667,0.699327,0.833496
R,14.4155,20.4938,-4.90766,2.14201,0.949576,0.307919,0.403375,0.697575,0.831766
L,14.4155,20.4938,-4.90766,2.14201, ,0.307591,0.402275,0.695701,0.830615
R,13.9038,20.6918,-5.07234,1.85641,0.978814,0.306571,0.400951,0.694292,0.828741
L,13.9038,20.6918,-5.07234,1.85641, ,0.306014,0.399731,0.69275,0.827403
R,13.5275,20.7174,-5.06345,1.27403,1.000294,0.305051,0.398599,0.69107,0.824746
L,13.5275,20.7174,-5.06345,1.27403, ,0.305021,0.397635,0.689307,0.822304
R,13.0498,20.854,-5.08755,1.15233,1.012433,0.304067,0.39645,0.68755,0.819886
L,13.0498,20.854,-5.08755,1.15233, ,0.304036,0.39537,0.68574,0.817798
R,12.287,21.1043,-5.56642,1.09616,1.031800,0.303588,0.394128,0.686191,0.815944
L,12.287,21.1043,-5.56642,1.09616, ,0.302623,0.392877,0.686508,0.814591
R,11.8884,21.1154,-5.4346,0.719483,1.065687,0.301867,0.391634,0.685923,0.812385
L,11.8884,21.1154,-5.4346,0.719483, ,0.301028,0.390401,0.685278,0.810553
R,11.4246,21.0746,-5.40006,0.364877,1.079184,0.300229,0.389202,0.684419,0.80817
L,11.4246,21.0746,-5.40006,0.364877, ,0.29946,0.388019,0.683538,0.806053
R,10.8477,21.0329,-5.52362,0.069751,1.094759,0.298976,0.386899,0.683299,0.803643
L,10.8477,21.0329,-5.52362,0.069751, ,0.298072,0.385779,0.68306,0.801446
R,10.0477,21.152,-5.88543,0.218081,1.115726,0.299912,0.384613,0.685499,0.800087
L,10.0477,21.152,-5.88543,0.218081, ,0.299768,0.383472,0.687945,0.799276
R,9.5877,21.1167,-5.77791,-0.114841,1.150659,0.301292,0.382333,0.689513,0.797588
L,9.5877,21.1167,-5.77791,-0.114841, ,0.301005,0.381234,0.691141,0.796353
R,9.09561,21.086,-5.64895,-0.125445,1.167314,0.302564,0.380152,0.691883,0.79561
L,9.09561,21.086,-5.64895,-0.125445, ,0.302314,0.379148,0.692724,0.795486
R,8.80974,20.9578,-5.3254,-0.578215,1.186151,0.302313,0.378047,0.691817,0.793846
L,8.80974,20.9578,-5.3254,-0.578215, ,0.301465,0.377015,0.691011,0.792629
R,8.71097,20.6873,-4.73508,-1.05655,1.193709,0.300646,0.376016,0.689003,0.790442
L,8.71097,20.6873,-4.73508,-1.05655, ,0.300733,0.374946,0.687009,0.788463
R,8.24967,20.5424,-4.79068,-1.33976,1.190089,0.299946,0.373984,0.685057,0.786243
L,8.24967,20.5424,-4.79068,-1.33976, ,0.300096,0.372931,0.683144,0.784174
R,7.90102,20.3687,-4.69348,-1.69222,1.206990,0.299661,0.372022,0.681207,0.781945
L,7.90102,20.3687,-4.69348,-1.69222, ,0.300651,0.370992,0.679302,0.779756
R,7.34608,20.2026,-4.83182,-1.74321,1.218252,0.299933,0.370077,0.677645,0.777625
L,7.34608,20.2026,-4.83182,-1.74321, ,0.300203,0.36905,0.676084,0.775642
R,6.86951,20.0296,-4.84611,-1.82245,1.240676,0.299451,0.368108,0.674673,0.773711
L,6.86951,20.0296,-4.84611,-1.82245, ,0.299562,0.36709,0.673393,0.772005
R,6.45248,19.8513,-4.79548,-1.98319,1.259553,0.298879,0.366113,0.672099,0.770167
L,6.45248,19.8513,-4.79548,-1.98319, ,0.299146,0.365129,0.670955,0.768565
R,5.80533,19.6339,-5.10553,-2.3064,1.275748,0.298398,0.364153,0.671521,0.766548
L,5.80533,19.6339,-5.10553,-2.3064, ,0.297745,0.363211,0.672375,0.76467
R,5.4989,19.3131,-4.79729,-2.5144,1.304401,0.296956,0.362332,0.671793,0.762658
L,5.4989,19.3131,-4.79729,-2.5144, ,0.296717,0.361364,0.671441,0.76076
R,5.23786,19.0594,-4.45682,-2.44833,1.313329,0.296271,0.360472,0.670039,0.759169
L,5.23786,19.0594,-4.45682,-2.44833, ,0.296926,0.359532,0.668784,0.757817
R,4.56855,18.8398,-4.86189,-2.70936,1.321394,0.296181,0.358591,0.669664,0.756046
L,4.56855,18.8398,-4.86189,-2.70936, ,0.295569,0.357758,0.670881,0.754448
R,4.25411,18.5387,-4.5853,-2.70548,1.354390,0.294802,0.35683,0.670766,0.753072
L,4.25411,18.5387,-4.5853,-2.70548, ,0.294446,0.35603,0.670934,0.75194
R,3.69853,18.275,-4.8197,-3.24314,1.365940,0.293877,0.355118,0.672976,0.750002
L,3.69853,18.275,-4.8197,-3.24314, ,0.293138,0.35448,0.675417,0.748106
R,3.5154,17.9352,-4.32744,-3.07895,1.393490,0.292408,0.353578,0.675097,0.746562
L,3.5154,17.9352,-4.32744,-3.07895, ,0.292129,0.352953,0.675048,0.745194
R,2.96411,17.6251,-4.56148,-3.44843,1.397668,0.291557,0.352086,0.676755,0.743338
L,2.96411,17.6251,-4.56148,-3.44843, ,0.290837,0.351607,0.678851,0.741547
R,2.75592,17.2086,-4.16388,-3.79416,1.426668,0.29011,0.350727,0.67881,0.739749
L,2.75592,17.2086,-4.16388,-3.79416, ,0.289669,0.350105,0.679057,0.737924
R,2.39375,16.8612,-4.05857,-3.4804,1.432666,0.288952,0.349243,0.679052,0.736397
L,2.39375,16.8612,-4.05857,-3.4804, ,0.288449,0.348719,0.679335,0.735005
R,1.86499,16.4781,-4.25155,-3.51762,1.450991,0.288107,0.347869,0.681157,0.733665
L,1.86499,16.4781,-4.25155,-3.51762, ,0.287421,0.347373,0.68336,0.732473
R,1.5356,16.1272,-4.09277,-3.57871,1.481748,0.287115,0.346564,0.684813,0.731262
L,1.5356,16.1272,-4.09277,-3.57871, ,0.28645,0.346244,0.686624,0.730202
R,1.30564,15.6947,-3.77514,-4.06902,1.499492,0.285915,0.345423,0.686832,0.728446
L,1.30564,15.6947,-3.77514,-4.06902, ,0.285232,0.345024,0.687325,0.726715
R,0.896613,15.3117,-3.83521,-4.04764,1.510160,0.285056,0.344239,0.688474,0.725038
L,0.896613,15.3117,-3.83521,-4.04764, ,0.284463,0.343974,0.689949,0.723414
R,0.672133,14.9421,-3.56632,-3.92423,1.536390,0.284065,0.34327,0.690162,0.722074
L,0.672133,14.9421,-3.56632,-3.92423, ,0.283411,0.343251,0.690642,0.720833
R,0.466176,14.481,-3.27325,-4.34606,1.549115,0.282847,0.342508,0.690028,0.719148
L,0.466176,14.481,-3.27325,-4.34606, ,0.282194,0.342369,0.689612,0.717475
R,0.0953813,13.9989,-3.32967,-4.76075,1.560911,0.281911,0.341592,0.68966,0.716219
L,0.0953813,13.9989,-3.32967,-4.76075, ,0.281316,0.341296,0.689942,0.7149
R,-0.12846,13.5196,-3.11765,-4.90664,1.588364,0.280929,0.340513,0.689493,0.71387
L,-0.12846,13.5196,-3.11765,-4.90664, ,0.28031,0.340113,0.689234,0.712766
R,-0.392052,13.0622,-3.04925,-4.67723,1.604572,0.279975,0.339339,0.688884,0.711214
L,-0.392052,13.0622,-3.04925,-4.67723, ,0.279383,0.338932,0.688721,0.709649
R,-0.70407,12.5823,-3.07123,-4.58753,1.626080,0.279321,0.338171,0.688852,0.708049
L,-0.70407,12.5823,-3.07123,-4.58753, ,0.278872,0.337707,0.689183,0.706461
R,-0.98256,12.1558,-3.01046,-4.62341,1.654011,0.279033,0.336954,0.689415,0.704883
L,-0.98256,12.1558,-3.01046,-4.62341, ,0.278732,0.336609,0.689839,0.703318
R,-1.27199,11.6791,-2.96896,-4.7381,1.680130,0.279255,0.335863,0.690244,0.701772
L,-1.27199,11.6791,-2.96896,-4.7381, ,0.279216,0.335496,0.690833,0.70023
R,-1.33962,11.2212,-2.5395,-4.5302,1.709905,0.279024,0.334761,0.689875,0.698801
L,-1.33962,11.2212,-2.5395,-4.5302, ,0.278538,0.334443,0.68902,0.697403
R,-1.46316,10.7601,-2.20765,-4.84891,1.717719,0.278099,0.33372,0.687596,0.695915
L,-1.46316,10.7601,-2.20765,-4.84891, ,0.277512,0.333455,0.686216,0.694428
R,-1.65483,10.2359,-2.11078,-5.04842,1.733236,0.277056,0.332738,0.684781,0.693151
L,-1.65483,10.2359,-2.11078,-5.04842, ,0.276471,0.332334,0.683379,0.691859
R,-1.76082,9.7845,-1.91994,-4.83768,1.760244,0.275896,0.331624,0.681918,0.690381
L,-1.76082,9.7845,-1.91994,-4.83768, ,0.275328,0.331315,0.680466,0.688912
R,-2.05597,9.27119,-2.09763,-5.08077,1.777754,0.274917,0.330616,0.679164,0.68764
L,-2.05597,9.27119,-2.09763,-5.08077, ,0.27436,0.330224,0.677902,0.68636
R,-2.13758,8.83786,-1.85036,-4.83928,1.823809,0.273799,0.329534,0.676476,0.684917
L,-2.13758,8.83786,-1.85036,-4.83928, ,0.273242,0.32931,0.675062,0.683485
R,-2.45851,8.29839,-2.12622,-5.05395,1.841974,0.27293,0.328627,0.673976,0.682162
L,-2.45851,8.29839,-2.12622,-5.05395, ,0.272431,0.328246,0.672931,0.68084
R,-2.46125,7.9196,-1.631,-4.81959,1.901007,0.271868,0.327611,0.6716,0.679444
L,-2.46125,7.9196,-1.631,-4.81959, ,0.271357,0.327611,0.670268,0.67806
R,-2.8131,7.40067,-2.13157,-4.80853,1.910005,0.271055,0.326957,0.669344,0.676692
L,-2.8131,7.40067,-2.13157,-4.80853, ,0.270572,0.326845,0.66845,0.675334
R,-2.88164,6.97184,-1.67747,-4.86414,1.983066,0.270068,0.326262,0.667098,0.673965
L,-2.88164,6.97184,-1.67747,-4.86414, ,0.269521,0.326404,0.665753,0.672604
R,-2.90435,6.55005,-1.43262,-4.47628,2.010314,0.269015,0.325953,0.664656,0.671806
L,-2.90435,6.55005,-1.43262,-4.47628, ,0.268659,0.326431,0.663561,0.671016
R,-3.19452,6.02763,-1.71259,-4.84584,2.033971,0.268138,0.325918,0.662232,0.669685
L,-3.19452,6.02763,-1.71259,-4.84584, ,0.267614,0.326233,0.660912,0.668362
R,-3.3804,5.50986,-1.84676,-4.78023,2.116498,0.267111,0.32568,0.659652,0.667084
L,-3.3804,5.50986,-1.84676,-4.78023, ,0.266587,0.325869,0.658397,0.665812
R,-3.51212,5.02764,-1.61649,-4.8746,2.187207,0.266065,0.325334,0.657133,0.664503
L,-3.51212,5.02764,-1.61649,-4.8746, ,0.265573,0.32556,0.655882,0.663201
R,-3.71443,4.49019,-1.88181,-4.83744,2.251103,0.265073,0.324969,0.654661,0.661915
L,-3.71443,4.49019,-1.88181,-4.83744, ,0.264567,0.324992,0.65344,0.660636
R,-3.9098,4.00132,-1.78627,-4.95747,2.343067,0.264091,0.324407,0.652175,0.659368
L,-3.9098,4.00132,-1.78627,-4.95747, ,0.263583,0.324433,0.650915,0.65811
R,-4.0834,3.59772,-1.8754,-4.65124,2.432797,0.263109,0.323984,0.649685,0.656992
L,-4.0834,3.59772,-1.8754,-4.65124, ,0.262608,0.324382,0.648455,0.655871
R,-4.32691,3.04647,-2.10141,-4.86802,2.508757,0.262232,0.32383,0.647448,0.654618
L,-4.32691,3.04647,-2.10141,-4.86802, ,0.261744,0.323934,0.646416,0.653373
R,-4.51917,2.52312,-1.98211,-4.98464,2.627935,0.261389,0.323348,0.645233,0.652194
L,-4.51917,2.52312,-1.98211,-4.98464, ,0.26091,0.323303,0.644042,0.65103
R,-4.70463,2.03729,-2.24243,-4.83013,2.736178,0.260553,0.322721,0.643157,0.649805
L,-4.70463,2.03729,-2.24243,-4.83013, ,0.260077,0.322664,0.642228,0.648589
R,-4.95635,1.49745,-2.37015,-5.00196,2.836121,0.259863,0.322062,0.641515,0.647502
L,-4.95635,1.49745,-2.37015,-5.00196, ,0.259445,0.321815,0.640741,0.646439
R,-5.1482,1.06583,-2.17278,-4.77329,2.951878,0.259215,0.321236,0.63962,0.645241
L,-5.1482,1.06583,-2.17278,-4.77329, ,0.258788,0.321132,0.638481,0.644051
R,-5.33206,0.41153,-2.14902,-5.27816,3.032347,0.258507,0.320631,0.637319,0.643721
L,-5.33206,0.41153,-2.14902,-5.27816, ,0.25806,0.320114,0.636153,0.643451
R,-5.55564,-0.15866,-1.84909,-5.39444,-3.120632,0.257811,0.319816,0.635259,0.643669
L,-5.55564,-0.15866,-1.84909,-5.39444, ,0.257376,0.319235,0.63444,0.643967
R,-5.7646,-0.478476,-2.06978,-4.75336,-3.020577,0.257106,0.318689,0.633363,0.642829
L,-5.7646,-0.478476,-2.06978,-4.75336, ,0.256662,0.318251,0.632333,0.641711
R,-5.94847,-0.910606,-2.38021,-4.67695,-2.983205,0.256308,0.317689,0.631209,0.64057
L,-5.94847,-0.910606,-2.38021,-4.67695, ,0.255848,0.317311,0.630078,0.639447
R,-6.11243,-1.47436,-2.18534,-4.93502,-2.922381,0.25541,0.316873,0.629078,0.63871
L,-6.11243,-1.47436,-2.18534,-4.93502, ,0.254988,0.316341,0.628142,0.638038
R,-6.35547,-1.94002,-2.58043,-4.97748,-2.840229,0.254554,0.315931,0.627052,0.637547
L,-6.35547,-1.94002,-2.58043,-4.97748, ,0.254142,0.315392,0.62595,0.637141
R,-6.67375,-2.30635,-2.62379,-4.56554,-2.788441,0.253788,0.314875,0.624853,0.636065
L,-6.67375,-2.30635,-2.62379,-4.56554, ,0.253344,0.314428,0.623756,0.635021
R,-6.97861,-2.72038,-2.77221,-4.47361,-2.762523,0.253074,0.313896,0.622689,0.63394
L,-6.97861,-2.72038,-2.77221,-4.47361, ,0.252636,0.313492,0.621609,0.63289
R,-7.2265,-3.1898,-2.63934,-4.4994,-2.729956,0.25232,0.312995,0.620583,0.631905
L,-7.2265,-3.1898,-2.63934,-4.4994, ,0.251883,0.312534,0.61961,0.630972
R,-7.48986,-3.74383,-2.57174,-4.75298,-2.689274,0.251537,0.312266,0.618811,0.630673
L,-7.48986,-3.74383,-2.57174,-4.75298, ,0.251111,0.311729,0.618115,0.630503
R,-7.75524,-4.15073,-2.70734,-4.63786,-2.642896,0.250731,0.311439,0.617277,0.630123
L,-7.75524,-4.15073,-2.70734,-4.63786, ,0.250332,0.310908,0.616536,0.629876
R,-8.0388,-4.59813,-2.73514,-4.59638,-2.619797,0.249934,0.31072,0.615851,0.629648
L,-8.0388,-4.59813,-2.73514,-4.59638, ,0.249567,0.310206,0.615289,0.629573
R,-8.32845,-4.99801,-2.61592,-4.34636,-2.594971,0.249155,0.310023,0.615217,0.628956
L,-8.32845,-4.99801,-2.61592,-4.34636, ,0.248839,0.309517,0.615334,0.628463
R,-8.65138,-5.2623,-2.78304,-3.95376,-2.577665,0.248429,0.309083,0.615092,0.627447
L,-8.65138,-5.2623,-2.78304,-3.95376, ,0.248133,0.308588,0.615024,0.62648
R,-8.95488,-5.66323,-2.91649,-4.0214,-2.576847,0.247719,0.308194,0.614724,0.625679
L,-8.95488,-5.66323,-2.91649,-4.0214, ,0.247508,0.307688,0.614592,0.624987
R,-9.2488,-5.93475,-2.95078,-3.73362,-2.561038,0.247118,0.307194,0.61453,0.624
L,-9.2488,-5.93475,-2.95078,-3.73362, ,0.247076,0.30677,0.614657,0.623074
R,-9.58591,-6.31358,-3.09081,-3.78575,-2.557552,0.24671,0.306299,0.614508,0.622312
L,-9.58591,-6.31358,-3.09081,-3.78575, ,0.246764,0.305842,0.614538,0.621677
R,-10.0715,-6.55701,-3.58403,-3.58968,-2.546938,0.246369,0.305343,0.613625,0.620833
L,-10.0715,-6.55701,-3.58403,-3.58968, ,0.246125,0.305023,0.612779,0.620101
R,-10.4202,-6.8922,-3.63223,-3.58157,-2.556071,0.245726,0.304528,0.611945,0.619494
L,-10.4202,-6.8922,-3.63223,-3.58157, ,0.245575,0.304182,0.611193,0.619059
R,-10.846,-7.14633,-3.80965,-3.39862,-2.549656,0.245186,0.303714,0.610289,0.618396
L,-10.846,-7.14633,-3.80965,-3.39862, ,0.244975,0.303473,0.609445,0.617901
R,-11.1914,-7.47894,-3.70604,-3.35766,-2.553492,0.244586,0.302991,0.608856,0.617502
L,-11.1914,-7.47894,-3.70604,-3.35766, ,0.244542,0.302662,0.60838,0.617326
R,-11.5705,-7.7456,-3.73476,-3.22331,-2.547228,0.244176,0.30219,0.607955,0.617014
L,-11.5705,-7.7456,-3.73476,-3.22331, ,0.244265,0.301874,0.607654,0.616948
R,-11.9414,-8.01287,-3.57628,-3.00882,-2.547513,0.243961,0.301403,0.608007,0.616537
L,-11.9414,-8.01287,-3.57628,-3.00882, ,0.244275,0.301067,0.608534,0.616366
R,-12.3791,-8.25701,-3.99369,-3.08119,-2.547176,0.243968,0.300601,0.607959,0.616732
L,-12.3791,-8.25701,-3.99369,-3.08119, ,0.244281,0.300255,0.607478,0.617462
R,-12.7781,-8.46902,-3.78199,-2.75528,-2.551093,0.244048,0.299801,0.607723,0.617368
L,-12.7781,-8.46902,-3.78199,-2.75528, ,0.244572,0.299466,0.608113,0.617586
R,-13.294,-8.64218,-4.14265,-2.64029,-2.554975,0.24424,0.299041,0.607577,0.617748
L,-13.294,-8.64218,-4.14265,-2.64029, ,0.244492,0.298753,0.607124,0.61827
R,-13.7187,-8.75779,-3.93245,-2.21914,-2.565432,0.244206,0.298423,0.607372,0.617819
L,-13.7187,-8.75779,-3.93245,-2.21914, ,0.244612,0.298275,0.607737,0.61763
R,-14.216,-8.92384,-4.36393,-2.27244,-2.574895,0.244285,0.297949,0.607056,0.61794
L,-14.216,-8.92384,-4.36393,-2.27244, ,0.244565,0.297778,0.606428,0.618652
R,-14.6097,-9.18728,-4.14888,-2.25262,-2.583320,0.244363,0.297333,0.606372,0.619735
L,-14.6097,-9.18728,-4.14888,-2.25262, ,0.245003,0.296939,0.606392,0.621325
R,-15.0876,-9.42299,-4.18619,-2.23445,-2.581933,0.244798,0.296514,0.606367,0.623382
L,-15.0876,-9.42299,-4.18619,-2.23445, ,0.245435,0.296067,0.606404,0.626052
R,-15.5662,-9.53984,-4.07123,-1.92019,-2.585081,0.245234,0.295658,0.606893,0.627615
L,-15.5662,-9.53984,-4.07123,-1.92019, ,0.245884,0.295223,0.607437,0.629755
R,-16.1242,-9.49807,-4.2675,-1.48825,-2.594393,0.245568,0.294787,0.607368,0.630408
L,-16.1242,-9.49807,-4.2675,-1.48825, ,0.245884,0.294368,0.607329,0.631541
R,-16.484,-9.6252,-4.12739,-1.43147,-2.613870,0.245807,0.293937,0.607773,0.632943
L,-16.484,-9.6252,-4.12739,-1.43147, ,0.246732,0.293502,0.608233,0.634919
R,-16.8457,-9.99455,-4.13198,-1.86223,-2.617416,0.247079,0.293777,0.608681,0.640421
L,-16.8457,-9.99455,-4.13198,-1.86223, ,0.248776,0.294024,0.609124,0.646788
R,-17.4158,-9.94656,-4.20306,-1.37453,-2.608643,0.248817,0.294102,0.60931,0.650403
L,-17.4158,-9.94656,-4.20306,-1.37453, ,0.249957,0.294196,0.609473,0.654779
R,-17.9425,-9.85897,-4.21077,-0.923583,-2.627026,0.249881,0.294072,0.609583,0.657088
L,-17.9425,-9.85897,-4.21077,-0.923583, ,0.250776,0.293993,0.609653,0.660059
R,-18.3818,-9.88605,-4.33427,-0.863579,-2.644984,0.250826,0.294061,0.60935,0.663371
L,-18.3818,-9.88605,-4.33427,-0.863579, ,0.251955,0.294224,0.609005,0.667421
R,-18.8614,-9.78308,-4.42795,-0.568522,-2.654220,0.252006,0.29418,0.608433,0.670358
L,-18.8614,-9.78308,-4.42795,-0.568522, ,0.253116,0.294259,0.607823,0.673999
R,-19.3894,-9.5923,-4.28775,-0.053048,-2.670192,0.25302,0.29399,0.607424,0.675479
L,-19.3894,-9.5923,-4.28775,-0.053048, ,0.253822,0.29383,0.606964,0.677531
R,-20.0049,-9.15753,-4.46199,0.683367,-2.690597,0.253489,0.29351,0.606199,0.67727
L,-20.0049,-9.15753,-4.46199,0.683367, ,0.253651,0.29312,0.605404,0.677334
R,-20.4173,-9.21812,-4.39818,0.484568,-2.723376,0.253377,0.292719,0.604633,0.678548
L,-20.4173,-9.21812,-4.39818,0.484568, ,0.253711,0.292391,0.603829,0.68029
R,-20.9627,-8.98184,-4.34577,0.847078,-2.727385,0.253359,0.291979,0.603033,0.68099
L,-20.9627,-8.98184,-4.34577,0.847078, ,0.25337,0.291593,0.602209,0.682151
R,-21.4454,-8.8134,-4.20438,1.04252,-2.747534,0.253014,0.291183,0.601451,0.682989
L,-21.4454,-8.8134,-4.20438,1.04252, ,0.252914,0.290824,0.600652,0.684292
R,-21.8972,-8.43299,-3.88137,1.58809,-2.762553,0.252563,0.290559,0.600188,0.684119
L,-21.8972,-8.43299,-3.88137,1.58809, ,0.252412,0.290171,0.599618,0.684258
R,-22.3177,-8.15671,-4.04976,1.73373,-2.786084,0.252063,0.289991,0.59881,0.684298
L,-22.3177,-8.15671,-4.04976,1.73373, ,0.251904,0.289629,0.597983,0.684675
R,-22.6243,-8.14281,-3.76692,1.53816,-2.803726,0.251592,0.289231,0.597297,0.686227
L,-22.6243,-8.14281,-3.76692,1.53816, ,0.251677,0.288955,0.596542,0.688268
R,-22.9748,-8.0441,-3.3619,1.55751,-2.807297,0.251416,0.288751,0.596298,0.690724
L,-22.9748,-8.0441,-3.3619,1.55751, ,0.251617,0.288928,0.595885,0.693711
R,-23.3851,-7.68925,-3.59761,1.81355,-2.815292,0.25132,0.288631,0.595093,0.69586
L,-23.3851,-7.68925,-3.59761,1.81355, ,0.25139,0.288661,0.594283,0.698496
R,-23.8027,-7.29108,-3.53049,2.16486,-2.835350,0.251055,0.288286,0.593475,0.699898
L,-23.8027,-7.29108,-3.53049,2.16486, ,0.250954,0.288139,0.592692,0.701708
R,-24.1903,-6.82786,-3.29676,2.58291,-2.856686,0.250615,0.28777,0.591895,0.702213
L,-24.1903,-6.82786,-3.29676,2.58291, ,0.250409,0.287438,0.591103,0.703029
R,-24.487,-6.70294,-2.92965,2.44629,-2.879814,0.250075,0.287177,0.590412,0.704755
L,-24.487,-6.70294,-2.92965,2.44629, ,0.249902,0.287356,0.589648,0.706861
R,-24.7576,-6.36888,-2.73812,2.60853,-2.886638,0.249583,0.28716,0.588951,0.708579
L,-24.7576,-6.36888,-2.73812,2.60853, ,0.249458,0.287494,0.588185,0.710649
R,-25.0419,-5.87253,-2.63519,2.96676,-2.902256,0.249141,0.287151,0.587421,0.711517
L,-25.0419,-5.87253,-2.63519,2.96676, ,0.248994,0.287164,0.586642,0.71266
R,-25.3323,-5.53554,-2.64622,3.02586,-2.924716,0.248667,0.286898,0.585911,0.71384
L,-25.3323,-5.53554,-2.64622,3.02586, ,0.248452,0.28713,0.585284,0.715287
R,-25.4984,-5.5592,-2.53658,2.56533,-2.939935,0.248173,0.288386,0.584666,0.719418
L,-25.4984,-5.5592,-2.53658,2.56533, ,0.248075,0.290986,0.584218,0.723882
R,-25.764,-5.09624,-2.36471,2.88436,-2.938519,0.247761,0.292032,0.583687,0.7268
L,-25.764,-5.09624,-2.36471,2.88436, ,0.247549,0.294377,0.583363,0.729986
R,-26.0351,-4.72616,-1.83929,3.05947,-2.958746,0.247232,0.295767,0.582607,0.732503
L,-26.0351,-4.72616,-1.83929,3.05947, ,0.246927,0.298598,0.581907,0.735243
R,-26.2206,-4.30269,-1.43405,3.26143,-2.974575,0.24662,0.3001,0.581186,0.737208
L,-26.2206,-4.30269,-1.43405,3.26143, ,0.246304,0.303099,0.580434,0.739349
R,-26.3481,-3.77211,-1.13635,3.56635,-2.991889,0.245993,0.30418,0.579751,0.740366
L,-26.3481,-3.77211,-1.13635,3.56635, ,0.24568,0.306629,0.57901,0.741509
R,-26.4476,-3.43172,-1.00283,3.54919,-3.013230,0.245367,0.308367,0.578273,0.742835
L,-26.4476,-3.43172,-1.00283,3.54919, ,0.245059,0.311699,0.577545,0.744266
R,-26.5796,-2.76419,-0.960441,3.98406,-3.026211,0.244762,0.312406,0.576864,0.744324
L,-26.5796,-2.76419,-0.960441,3.98406, ,0.244452,0.31434,0.576312,0.744441
R,-26.6485,-2.14354,-0.824938,4.29212,-3.053137,0.244158,0.314512,0.575752,0.743921
L,-26.6485,-2.14354,-0.824938,4.29212, ,0.243854,0.315639,0.575388,0.74343
R,-26.6525,-1.87762,-0.328003,4.0556,-3.077548,0.243548,0.316635,0.574664,0.743479
L,-26.6525,-1.87762,-0.328003,4.0556, ,0.243241,0.318979,0.574001,0.743551
R,-26.7155,-1.51709,-0.197535,3.98554,-3.086485,0.242958,0.320575,0.573338,0.743829
L,-26.7155,-1.51709,-0.197535,3.98554, ,0.242676,0.323717,0.572804,0.744111
R,-26.73,-0.868045,0.20213,4.31422,-3.099780,0.242414,0.324467,0.572089,0.743633
L,-26.73,-0.868045,0.20213,4.31422, ,0.242167,0.326444,0.571421,0.743149
R,-26.708,-0.322634,0.481828,4.44771,-3.125247,0.241919,0.326931,0.57071,0.742458
L,-26.708,-0.322634,0.481828,4.44771, ,0.241704,0.328515,0.570031,0.741756
R,-26.6718,0.182154,0.519709,4.52389,3.137011,0.241485,0.328906,0.569414,0.740962
L,-26.6718,0.182154,0.519709,4.52389, ,0.241326,0.330334,0.568943,0.740156
R,-26.5645,1.10558,0.613629,5.1734,3.117760,0.241083,0.329928,0.568515,0.739528
L,-26.5645,1.10558,0.613629,5.1734, ,0.240908,0.329758,0.568308,0.738936
R,-26.4996,1.07708,0.720226,4.40007,3.080434,0.240722,0.330345,0.568131,0.738191
L,-26.4996,1.07708,0.720226,4.40007, ,0.240653,0.332026,0.568237,0.737421
R,-26.3834,1.57583,1.10161,4.44026,3.084250,0.240496,0.332488,0.567801,0.736596
L,-26.3834,1.57583,1.10161,4.44026, ,0.240492,0.333964,0.56757,0.735752
R,-26.2458,2.07994,1.18762,4.51574,3.064864,0.240368,0.334274,0.567399,0.734865
L,-26.2458,2.07994,1.18762,4.51574, ,0.240443,0.3355,0.567495,0.733976
R,-26.0925,2.59848,1.71483,4.51487,3.045002,0.240371,0.335611,0.566887,0.73309
L,-26.0925,2.59848,1.71483,4.51487, ,0.240552,0.336511,0.566396,0.732211
R,-25.9213,3.19232,1.89504,4.67245,3.024467,0.240547,0.336296,0.565827,0.731442
L,-25.9213,3.19232,1.89504,4.67245, ,0.240861,0.336615,0.565388,0.73072
R,-25.7073,3.50794,2.10598,4.41765,3.000320,0.240877,0.336651,0.564824,0.729864
L,-25.7073,3.50794,2.10598,4.41765, ,0.241257,0.337382,0.564385,0.729032
R,-25.4717,3.89186,2.27711,4.30347,2.987904,0.241294,0.337527,0.56386,0.728179
L,-25.4717,3.89186,2.27711,4.30347, ,0.241738,0.3384,0.563469,0.727352
R,-25.1428,4.34462,2.42241,4.32993,2.972020,0.24163,0.338441,0.563011,0.726581
L,-25.1428,4.34462,2.42241,4.32993, ,0.241878,0.33913,0.5627,0.725866
R,-24.822,4.81573,2.71665,4.32602,2.952028,0.241707,0.339017,0.562129,0.725214
L,-24.822,4.81573,2.71665,4.32602, ,0.241866,0.339431,0.561658,0.724644
R,-24.5045,5.20446,3.14512,4.14726,2.930984,0.241674,0.339322,0.561001,0.723942
L,-24.5045,5.20446,3.14512,4.14726, ,0.241813,0.339719,0.560349,0.723314
R,-24.2347,5.36803,3.32422,3.71529,2.913347,0.241699,0.340193,0.559698,0.722468
L,-24.2347,5.36803,3.32422,3.71529, ,0.242017,0.341411,0.559049,0.721634
R,-23.8596,5.94566,3.19339,4.06546,2.905928,0.241841,0.3413,0.558528,0.721185
L,-23.8596,5.94566,3.19339,4.06546, ,0.242057,0.341644,0.558104,0.720856
R,-23.5432,6.36729,3.34929,4.02841,2.878025,0.241938,0.34141,0.557585,0.720592
L,-23.5432,6.36729,3.34929,4.02841, ,0.242295,0.341525,0.557157,0.720475
R,-23.1921,6.50779,3.5138,3.58987,2.857757,0.242204,0.341709,0.556624,0.71979
L,-23.1921,6.50779,3.5138,3.58987, ,0.24264,0.342432,0.55617,0.719188
R,-22.769,6.83498,3.89979,3.42812,2.849552,0.242479,0.342596,0.555532,0.718495
L,-22.769,6.83498,3.89979,3.42812, ,0.242789,0.343261,0.554901,0.717881
R,-22.2752,7.31196,4.46058,3.44507,2.831221,0.242528,0.343056,0.554685,0.717389
L,-22.2752,7.31196,4.46058,3.44507, ,0.242568,0.343157,0.554365,0.717016
R,-21.7513,8.02321,4.47502,4.02634,2.804255,0.242309,0.342878,0.553979,0.718428
L,-21.7513,8.02321,4.47502,4.02634, ,0.242138,0.342495,0.553521,0.720121
R,-21.3935,8.22445,4.45358,3.67703,2.764964,0.241864,0.342145,0.552986,0.720838
L,-21.3935,8.22445,4.45358,3.67703, ,0.241806,0.341761,0.552414,0.721792
R,-20.8664,8.78812,4.54638,3.97691,2.752356,0.241577,0.341929,0.551874,0.724202
L,-20.8664,8.78812,4.54638,3.97691, ,0.241374,0.341811,0.551301,0.726937
R,-20.3164,9.19284,5.07411,3.74847,2.718718,0.241304,0.342487,0.551498,0.728973
L,-20.3164,9.19284,5.07411,3.74847, ,0.241035,0.342767,0.551583,0.731313
R,-19.9118,9.38662,4.8319,3.53694,2.691639,0.240889,0.343302,0.551153,0.733065
L,-19.9118,9.38662,4.8319,3.53694, ,0.24064,0.343493,0.550678,0.735104
R,-19.5589,9.48309,4.61969,3.16367,2.676875,0.240389,0.343658,0.550066,0.736023
L,-19.5589,9.48309,4.61969,3.16367, ,0.240258,0.343583,0.549457,0.73718
R,-18.9719,9.90019,5.09595,3.12873,2.667486,0.240145,0.344464,0.549193,0.73846
L,-18.9719,9.90019,5.09595,3.12873, ,0.239893,0.344985,0.548875,0.739993
R,-18.66,9.84159,4.93224,2.47062,2.636307,0.239631,0.345066,0.548337,0.739838
L,-18.66,9.84159,4.93224,2.47062, ,0.23958,0.344958,0.547781,0.739831
R,-18.2437,9.74143,5.0974,1.74266,2.634663,0.239324,0.344616,0.547346,0.739028
L,-18.2437,9.74143,5.0974,1.74266, ,0.239421,0.34424,0.546882,0.73825
R,-17.6624,9.99673,5.05326,1.95651,2.631763,0.239175,0.343994,0.546356,0.737714
L,-17.6624,9.99673,5.05326,1.95651, ,0.23907,0.343671,0.545815,0.737269
R,-17.1464,10.1752,5.2047,1.83193,2.605551,0.238844,0.343471,0.545392,0.736745
L,-17.1464,10.1752,5.2047,1.83193, ,0.2387,0.343185,0.544946,0.736311
R,-16.6372,10.292,5.25107,1.67428,2.584412,0.238489,0.342963,0.54453,0.735752
L,-16.6372,10.292,5.25107,1.67428, ,0.238328,0.342669,0.544093,0.735275
R,-16.0921,10.4734,5.38142,1.62041,2.565802,0.238173,0.342543,0.543806,0.734808
L,-16.0921,10.4734,5.38142,1.62041, ,0.237962,0.34233,0.543493,0.734431
R,-15.6014,10.5696,5.29827,1.52304,2.541835,0.237795,0.342184,0.543055,0.733995
L,-15.6014,10.5696,5.29827,1.52304, ,0.237596,0.341962,0.542604,0.733647
R,-14.8947,10.7975,5.86881,1.37763,2.523257,0.237871,0.342087,0.543325,0.733169
L,-14.8947,10.7975,5.86881,1.37763, ,0.237654,0.342107,0.544001,0.732768
R,-14.5194,10.6473,5.24945,1.15991,2.489009,0.237601,0.341821,0.543477,0.732163
L,-14.5194,10.6473,5.24945,1.15991, ,0.237357,0.341503,0.542948,0.731614
R,-13.9903,10.7026,5.36658,0.95473,2.485974,0.237345,0.3412,0.542509,0.730923
L,-13.9903,10.7026,5.36658,0.95473, ,0.237096,0.340872,0.542061,0.730272
R,-13.4508,10.8195,5.26698,1.08846,2.465261,0.237147,0.340623,0.54153,0.729821
L,-13.4508,10.8195,5.26698,1.08846, ,0.236897,0.340342,0.540996,0.729435
R,-12.9307,10.8732,5.39798,0.847916,2.439672,0.236965,0.34009,0.540559,0.728813
L,-12.9307,10.8732,5.39798,0.847916, ,0.236717,0.339811,0.540117,0.728235
R,-12.3352,11.0343,5.5023,0.969535,2.417487,0.237005,0.339727