L, 0.312243, 0.58034, 0, 0,  , 0.287757, 0.0196602, 5.19994, 0
R, 0.779913, 0.722413, 6.65259, 1.97674, 1.077186, 0.211208, 0.0876373, 3.81773, 1.3965
L, 1.19545, 0.535063, 10.3167, -0.0105174,  , 0.177869, 0.0808428, 4.29483, 1.14027
R, 1.03211, 0.563929, 4.61321, 2.6006, 0.302758, 0.232328, 0.0723767, 3.73094, 1.62848
L, 1.35877, 0.703667, 4.975, 2.20633,  , 0.242874, 0.0792752, 3.33855, 1.75481
R, 1.71966, 0.648446, 5.39616, 1.08095, 0.468721, 0.233595, 0.0747625, 3.04874, 1.6587
L, 2.03462, 0.698956, 5.51682, 0.946256,  , 0.221374, 0.0779532, 2.82518, 1.57359
R, 2.27665, 0.698632, 5.29901, 0.729449, 0.312417, 0.21315, 0.0798946, 2.64297, 1.49142
L, 2.56596, 0.724785, 5.35238, 0.647881,  , 0.204481, 0.0846139, 2.49237, 1.4195
R, 2.8481, 0.709108, 5.33672, 0.419564, 0.261116, 0.196108, 0.0858565, 2.3649, 1.35091
L, 3.09645, 0.716524, 5.30674, 0.385493,  , 0.189506, 0.08716, 2.25511, 1.29095
R, 3.39229, 0.644275, 5.33376, 0.00783764, 0.215473, 0.182434, 0.0836817, 2.15951, 1.2364
L, 3.70716, 0.578325, 5.43076, -0.26584,  , 0.175302, 0.0816243, 2.07589, 1.1932
R, 3.98896, 0.594126, 5.47848, -0.161551, 0.141071, 0.168955, 0.0794735, 2.00191, 1.15306
L, 4.27109, 0.583745, 5.49282, -0.172863,  , 0.163473, 0.0784142, 1.93569, 1.11784
R, 4.5282, 0.601625, 5.34028, -0.0921347, 0.125846, 0.158494, 0.0771096, 1.87465, 1.08506
L, 4.71591, 0.675072, 5.19702, 0.191231,  , 0.154044, 0.0748334, 1.81868, 1.05273
R, 4.96798, 0.671294, 5.04539, 0.130769, 0.136735, 0.150082, 0.0727526, 1.7677, 1.02362
L, 5.27045, 0.666184, 5.13521, 0.0820324,  , 0.146079, 0.071104, 1.72057, 0.997622
R, 5.53204, 0.67154, 5.27133, 0.0994464, 0.120681, 0.142381, 0.0698433, 1.67717, 0.973822
L, 5.83254, 0.682266, 5.33644, 0.110531,  , 0.139285, 0.0688891, 1.63721, 0.952077
R, 6.07232, 0.624862, 5.13026, -0.0979921, 0.112290, 0.136197, 0.0722168, 1.59958, 0.936466
L, 6.32649, 0.71538, 5.11591, 0.194783,  , 0.133287, 0.0715122, 1.56443, 0.917405
R, 6.57681, 0.744203, 5.06476, 0.249697, 0.109720, 0.13052, 0.070698, 1.53157, 0.899409
L, 6.82284, 0.744436, 5.05309, 0.214011,  , 0.127887, 0.0708143, 1.50072, 0.8835
R, 7.06415, 0.730171, 4.8782, 0.12461, 0.106323, 0.12542, 0.0730346, 1.47238, 0.8708
L, 7.27681, 0.808519, 4.81424, 0.342227,  , 0.123515, 0.072815, 1.44604, 0.85617
R, 7.57715, 0.822484, 5.15903, 0.350038, 0.109389, 0.121303, 0.0732837, 1.42002, 0.842841
L, 7.83225, 0.801356, 5.15813, 0.237829,  , 0.119207, 0.0765917, 1.39536, 0.832858
R, 8.08009, 0.818376, 4.97765, 0.238273, 0.100187, 0.117243, 0.0807971, 1.37206, 0.824422
L, 8.3156, 0.834994, 4.95297, 0.253549,  , 0.115512, 0.0860211, 1.34993, 0.817213
R, 8.58966, 0.92518, 5.23507, 0.498549, 0.098668, 0.113724, 0.087962, 1.32901, 0.80695
L, 8.83257, 0.985378, 5.19765, 0.601561,  , 0.112074, 0.089076, 1.30897, 0.796549
R, 9.12498, 1.02382, 5.2447, 0.620209, 0.111220, 0.110443, 0.0904711, 1.29006, 0.787093
L, 9.36589, 1.05535, 5.20593, 0.624352,  , 0.108856, 0.0925611, 1.27187, 0.778804
R, 9.64723, 1.12928, 5.25582, 0.745225, 0.112400, 0.107489, 0.0936496, 1.25477, 0.770042
L, 9.9269, 1.26203, 5.2754, 1.01115,  , 0.106553, 0.0927282, 1.23859, 0.759898
R, 10.1723, 1.34414, 5.01771, 1.07333, 0.128097, 0.1056, 0.0915969, 1.22221, 0.750152
L, 10.3932, 1.4237, 4.95965, 1.14951,  , 0.104375, 0.090425, 1.20644, 0.740724
R, 10.6232, 1.49403, 4.72569, 1.15921, 0.138304, 0.103094, 0.0892889, 1.1917, 0.731923
L, 10.841, 1.51955, 4.69687, 1.07223,  , 0.101846, 0.0884846, 1.17754, 0.724719
R, 11.1124, 1.56198, 4.88905, 1.05382, 0.141092, 0.100651, 0.0881879, 1.16344, 0.718806
L, 11.3948, 1.60813, 4.95939, 1.03039,  , 0.0998046, 0.0885785, 1.14993, 0.714445
R, 11.6263, 1.64921, 4.86316, 0.993818, 0.141593, 0.0988692, 0.0900991, 1.1368, 0.712081
L, 11.853, 1.71884, 4.83032, 1.05068,  , 0.0978531, 0.0919509, 1.1241, 0.710029
R, 12.1137, 1.80258, 4.99073, 1.15404, 0.145426, 0.0970527, 0.093731, 1.11227, 0.707433
L, 12.3589, 1.83318, 4.98675, 1.08066,  , 0.0963616, 0.0977325, 1.10094, 0.707746
R, 12.6185, 1.8819, 5.09365, 1.07794, 0.148578, 0.0960336, 0.10347, 1.0908, 0.709683
L, 12.819, 2.03381, 4.98023, 1.35171,  , 0.0952623, 0.10626, 1.08047, 0.707497
R, 13.0899, 2.14095, 5.12905, 1.47647, 0.159440, 0.0950228, 0.108585, 1.07182, 0.704546
L, 13.2968, 2.29544, 5.02548, 1.70186,  , 0.0944363, 0.109253, 1.06289, 0.699716
R, 13.4717, 2.42145, 4.61151, 1.7769, 0.173935, 0.0935251, 0.109449, 1.05264, 0.695022
L, 13.7205, 2.54837, 4.63803, 1.87673,  , 0.092702, 0.109316, 1.04278, 0.690211
R, 13.9416, 2.6467, 4.58113, 1.88359, 0.187157, 0.0918833, 0.109475, 1.03317, 0.686264
L, 14.1694, 2.81494, 4.5643, 2.08247,  , 0.0911093, 0.108849, 1.02388, 0.681227
R, 14.423, 2.92158, 4.73886, 2.11207, 0.200035, 0.0906284, 0.108421, 1.01577, 0.676725
L, 14.6314, 2.99059, 4.69396, 2.01926,  , 0.0900587, 0.108996, 1.0079, 0.674248
R, 14.8655, 3.13917, 4.73838, 2.16036, 0.205037, 0.0897064, 0.109151, 1.00091, 0.671031
L, 15.0776, 3.34855, 4.6712, 2.43489,  , 0.0893498, 0.108352, 0.993994, 0.666129
R, 15.2903, 3.4953, 4.46156, 2.46692, 0.222885, 0.0890291, 0.107517, 0.986333, 0.661656
L, 15.5049, 3.69765, 4.42786, 2.67816,  , 0.0888063, 0.10671, 0.97898, 0.656529
R, 15.7189, 3.80916, 4.36549, 2.60561, 0.238985, 0.0887205, 0.105846, 0.971793, 0.652383
L, 15.9409, 3.96052, 4.36739, 2.66055,  , 0.0889737, 0.105004, 0.965126, 0.6485
R, 16.1413, 4.09001, 4.15297, 2.60678, 0.248105, 0.0892461, 0.104206, 0.957918, 0.645935
L, 16.3334, 4.30595, 4.10266, 2.83538,  , 0.0894486, 0.103534, 0.950932, 0.642039
R, 16.549, 4.4497, 4.12795, 2.84016, 0.262714, 0.0900895, 0.102802, 0.944513, 0.63879
L, 16.7239, 4.63127, 4.05859, 2.95054,  , 0.0904351, 0.102189, 0.938246, 0.635316
R, 16.8852, 4.77533, 3.68425, 2.86305, 0.275160, 0.0903836, 0.101477, 0.931323, 0.633466
L, 17.0383, 5.03284, 3.59492, 3.16884,  , 0.0900006, 0.101639, 0.92455, 0.629638
R, 17.2166, 5.16762, 3.55428, 3.0924, 0.292835, 0.0896307, 0.101292, 0.917933, 0.627021
L, 17.368, 5.37136, 3.49074, 3.22618,  , 0.0891007, 0.10128, 0.911466, 0.623927
R, 17.5342, 5.49819, 3.40002, 3.10924, 0.305511, 0.0885614, 0.100726, 0.905127, 0.622723
L, 17.721, 5.63739, 3.43654, 3.06318,  , 0.0881716, 0.100034, 0.899101, 0.623026
R, 17.8763, 5.79302, 3.2741, 3.03, 0.312988, 0.0877415, 0.0994138, 0.893057, 0.624826
L, 18.0402, 6.02235, 3.25112, 3.23162,  , 0.0873693, 0.0987551, 0.887245, 0.624613
R, 18.1993, 6.2038, 3.22177, 3.27875, 0.327492, 0.0870567, 0.0981037, 0.881706, 0.624629
L, 18.3123, 6.48712, 3.09375, 3.59856,  , 0.0865311, 0.0979313, 0.876175, 0.621983
R, 18.4527, 6.67218, 2.97101, 3.5805, 0.346462, 0.0860043, 0.0976133, 0.870685, 0.620065
L, 18.597, 6.82205, 2.97232, 3.5067,  , 0.0855046, 0.0970095, 0.865567, 0.619598
R, 18.7541, 7.0081, 3.0187, 3.54534, 0.357263, 0.0851354, 0.0964025, 0.861191, 0.619373
L, 18.9508, 7.16595, 3.11286, 3.48382,  , 0.0855654, 0.0960021, 0.858231, 0.620703
R, 19.0517, 7.32431, 2.78808, 3.36875, 0.366787, 0.0856377, 0.0961646, 0.853859, 0.624663
L, 19.1267, 7.64476, 2.61353, 3.77401,  , 0.0852758, 0.0955839, 0.849252, 0.623667
R, 19.256, 7.82717, 2.59334, 3.74981, 0.386336, 0.0850368, 0.0950981, 0.845115, 0.623511
L, 19.3266, 8.07721, 2.45746, 3.92479,  , 0.0845747, 0.0945393, 0.840914, 0.622048
R, 19.4313, 8.26782, 2.42319, 3.91533, 0.402193, 0.084125, 0.0940734, 0.837173, 0.621147
L, 19.5252, 8.42481, 2.38419, 3.82498,  , 0.0836704, 0.0941945, 0.83394, 0.62177
R, 19.6283, 8.59919, 2.2416, 3.73347, 0.413334, 0.0832621, 0.0951182, 0.830573, 0.624171
L, 19.784, 8.80018, 2.32141, 3.75705,  , 0.0834758, 0.0965471, 0.828701, 0.626732
R, 19.8703, 8.98881, 2.10995, 3.69708, 0.424233, 0.0837558, 0.0988733, 0.826096, 0.630705
L, 19.9867, 9.25945, 2.09964, 3.90958,  , 0.0847055, 0.100226, 0.824388, 0.631997
R, 20.0468, 9.44354, 1.81269, 3.7961, 0.439844, 0.0854563, 0.102632, 0.821444, 0.63527
L, 20.116, 9.72942, 1.73407, 4.04299,  , 0.0862829, 0.103834, 0.81882, 0.6356
R, 20.1788, 9.97366, 1.68203, 4.16329, 0.456903, 0.0871789, 0.10485, 0.816741, 0.634943
L, 20.2153, 10.2923, 1.54494, 4.45276,  , 0.0877953, 0.104742, 0.814583, 0.632362
R, 20.2423, 10.4975, 1.23881, 4.31152, 0.478074, 0.088124, 0.105, 0.811322, 0.630847
L, 20.2892, 10.8105, 1.16947, 4.55694,  , 0.0885514, 0.104598, 0.808405, 0.628046
R, 20.3167, 11.0629, 1.0362, 4.59459, 0.497059, 0.088893, 0.104147, 0.805488, 0.625203
L, 20.3517, 11.3171, 0.992013, 4.66018,  , 0.0893382, 0.103657, 0.803107, 0.62224
R, 20.3157, 11.524, 0.482818, 4.42145, 0.515157, 0.0891586, 0.103324, 0.799197, 0.620439
L, 20.3799, 11.784, 0.547429, 4.50323,  , 0.0895041, 0.102902, 0.795896, 0.618217
R, 20.402, 12.0137, 0.624311, 4.571, 0.531903, 0.0900378, 0.102543, 0.793727, 0.61572
L, 20.3823, 12.3395, 0.478592, 4.82405,  , 0.090279, 0.102084, 0.791477, 0.612724
R, 20.3498, 12.5387, 0.0702286, 4.54224, 0.552473, 0.0902255, 0.1016, 0.78799, 0.610399
L, 20.3727, 12.7924, 0.0983808, 4.59976,  , 0.0905395, 0.101116, 0.785141, 0.607852
R, 20.3738, 12.9917, -0.0236085, 4.44145, 0.568642, 0.091096, 0.100721, 0.782364, 0.606004
L, 20.3361, 13.2185, -0.101235, 4.46544,  , 0.0914564, 0.100391, 0.779882, 0.603977
R, 20.3049, 13.4311, -0.222161, 4.40031, 0.584172, 0.0917999, 0.100234, 0.777475, 0.60223
L, 20.2744, 13.7255, -0.295944, 4.58466,  , 0.0922162, 0.0998031, 0.77541, 0.599667
R, 20.2336, 13.9202, -0.522724, 4.37683, 0.603168, 0.0926538, 0.099557, 0.772844, 0.597851
L, 20.1644, 14.2126, -0.64647, 4.56644,  , 0.092849, 0.0991127, 0.770331, 0.595277
R, 20.0995, 14.4195, -0.825028, 4.43828, 0.622251, 0.0929483, 0.0987338, 0.767622, 0.592995
L, 19.9753, 14.7151, -1.03407, 4.64124,  , 0.0926177, 0.0983252, 0.764649, 0.590367
R, 19.9121, 14.9131, -1.11073, 4.51119, 0.643646, 0.0923138, 0.0978952, 0.761881, 0.587817
L, 19.8898, 15.1404, -1.04088, 4.50354,  , 0.0923743, 0.0974717, 0.76008, 0.58527
R, 19.7869, 15.3071, -1.56158, 4.03273, 0.659037, 0.0922528, 0.0972549, 0.756875, 0.584371
L, 19.7554, 15.4988, -1.45735, 3.99284,  , 0.0926711, 0.0972796, 0.754302, 0.583426
R, 19.6769, 15.6753, -1.51809, 3.89139, 0.673264, 0.0932661, 0.0977818, 0.752017, 0.582847
L, 19.5519, 15.9276, -1.6509, 4.04278,  , 0.0935357, 0.0979049, 0.749705, 0.581062
R, 19.4541, 16.1189, -1.70255, 4.0032, 0.691859, 0.0938799, 0.0982835, 0.747738, 0.579222
L, 19.3403, 16.3204, -1.76513, 4.0167,  , 0.0941847, 0.0987901, 0.746088, 0.577141
R, 19.2342, 16.4925, -1.94929, 3.81589, 0.709211, 0.0946037, 0.0998018, 0.744098, 0.575629
L, 19.0825, 16.7456, -2.0972, 3.97799,  , 0.0947092, 0.100177, 0.741975, 0.573382
R, 18.9411, 16.9146, -2.49392, 3.61829, 0.728859, 0.0946989, 0.100968, 0.739059, 0.57223
L, 18.7273, 17.2041, -2.742, 3.89703,  , 0.0943266, 0.100834, 0.736098, 0.569957
R, 18.607, 17.4091, -2.5967, 4.02298, 0.752310, 0.0939943, 0.100644, 0.733473, 0.567844
L, 18.3807, 17.6389, -2.82449, 4.12262,  , 0.0937295, 0.100295, 0.73065, 0.566348
R, 18.2306, 17.8257, -2.88367, 4.03279, 0.774468, 0.0934706, 0.0999534, 0.727925, 0.564836
L, 18.1187, 18.0178, -2.80667, 3.99981,  , 0.0931103, 0.0995946, 0.725703, 0.563588
R, 17.9495, 18.1546, -3.09414, 3.60283, 0.792012, 0.0927644, 0.0994007, 0.723023, 0.561442
L, 17.8395, 18.2895, -2.9714, 3.48679,  , 0.0924656, 0.0994852, 0.720972, 0.559303
R, 17.713, 18.4525, -3.0034, 3.35798, 0.806774, 0.092375, 0.0996311, 0.719206, 0.557181
L, 17.5009, 18.6647, -3.16491, 3.47785,  , 0.0920974, 0.0994445, 0.717173, 0.555389
R, 17.3278, 18.7884, -3.34199, 3.18342, 0.826720, 0.0918418, 0.0995089, 0.714874, 0.553314
L, 17.1726, 18.9293, -3.30586, 3.13907,  , 0.0917244, 0.0997014, 0.713024, 0.551294
R, 17.0033, 19.0909, -3.40074, 3.05453, 0.842932, 0.0917266, 0.0997981, 0.711151, 0.549314
L, 16.7784, 19.224, -3.51651, 3.03143,  , 0.0915267, 0.100003, 0.709168, 0.547491
R, 16.5839, 19.3716, -3.69683, 2.86265, 0.862319, 0.0913316, 0.100143, 0.706898, 0.545574
L, 16.3367, 19.561, -3.86279, 2.98451,  , 0.0910068, 0.0999284, 0.70447, 0.544338
R, 16.1181, 19.6309, -4.04662, 2.61524, 0.884549, 0.0906825, 0.100118, 0.701957, 0.542424
L, 15.9056, 19.7884, -4.08321, 2.67592,  , 0.090366, 0.100053, 0.699491, 0.540883
R, 15.7096, 19.9051, -4.05179, 2.64074, 0.903330, 0.0900473, 0.100003, 0.697169, 0.539641
L, 15.4669, 20.0824, -4.16766, 2.75065,  , 0.0897641, 0.0996819, 0.694796, 0.539661
R, 15.2356, 20.2271, -4.32841, 2.63299, 0.924342, 0.0895281, 0.0993377, 0.692381, 0.53966
L, 15.068, 20.3574, -4.21264, 2.61351,  , 0.0892205, 0.0990425, 0.690166, 0.540383
R, 14.8319, 20.434, -4.39411, 2.29849, 0.943376, 0.088917, 0.0987137, 0.687816, 0.539746
L, 14.6229, 20.5572, -4.37261, 2.31217,  , 0.0886158, 0.0984669, 0.685559, 0.539954
R, 14.3759, 20.6431, -4.57577, 2.03817, 0.962240, 0.0883233, 0.0982293, 0.683242, 0.539203
L, 14.1331, 20.7195, -4.59716, 1.98985,  , 0.0880562, 0.0979879, 0.680945, 0.538862
R, 13.8879, 20.7883, -4.74527, 1.73603, 0.981999, 0.0878307, 0.0977377, 0.67873, 0.537832
L, 13.6069, 20.8603, -4.84366, 1.71965,  , 0.0878507, 0.0975103, 0.676621, 0.537335
R, 13.3544, 20.8876, -5.01125, 1.32447, 1.002871, 0.0880047, 0.0972032, 0.67484, 0.53577
L, 13.1184, 20.9251, -4.96301, 1.26137,  , 0.0881556, 0.0968856, 0.672875, 0.534373
R, 12.8761, 20.981, -5.01031, 1.13469, 1.020716, 0.0883431, 0.0965753, 0.670973, 0.532978
L, 12.7073, 21.0164, -4.80194, 1.06655,  , 0.0881265, 0.0962643, 0.668806, 0.53177
R, 12.4374, 21.0573, -4.96717, 0.880675, 1.036494, 0.0880389, 0.0959592, 0.666772, 0.530375
L, 12.194, 21.1015, -4.95498, 0.87941,  , 0.0879646, 0.0956745, 0.664717, 0.529415
R, 11.9471, 21.1172, -5.04676, 0.625967, 1.056543, 0.0879194, 0.0953816, 0.6628, 0.528019
L, 11.7188, 21.0886, -4.96158, 0.498837,  , 0.0877994, 0.0951078, 0.660761, 0.526625
R, 11.4596, 21.0721, -5.05457, 0.259209, 1.073122, 0.0877654, 0.0949141, 0.658855, 0.525029
L, 11.2631, 21.0662, -4.90757, 0.205639,  , 0.0875361, 0.0947675, 0.65681, 0.523551
R, 10.9915, 21.0264, -5.03598, -0.0541048, 1.089114, 0.0874053, 0.0948434, 0.654895, 0.521935
L, 10.8022, 20.9889, -4.86637, -0.140381,  , 0.0871392, 0.095159, 0.652884, 0.520351
R, 10.5283, 20.9891, -4.94686, -0.117187, 1.104561, 0.0869247, 0.0953609, 0.650912, 0.518994
L, 10.227, 21.0385, -5.10401, 0.00646888,  , 0.0869822, 0.0951708, 0.649185, 0.518557
R, 9.96656, 21.0198, -5.19367, -0.21526, 1.128189, 0.0871619, 0.0949624, 0.647727, 0.517655
L, 9.81359, 20.9768, -4.91308, -0.30563,  , 0.0869188, 0.0948004, 0.6458, 0.51687
R, 9.56348, 20.9643, -4.93094, -0.311255, 1.142590, 0.0866921, 0.0945644, 0.643911, 0.516625
L, 9.40387, 20.9147, -4.69864, -0.399116,  , 0.0865253, 0.0943505, 0.642079, 0.516533
R, 9.17363, 20.8682, -4.76717, -0.668049, 1.157282, 0.0864008, 0.094135, 0.640196, 0.515693
L, 8.85169, 20.8521, -4.98505, -0.614188,  , 0.0861617, 0.093861, 0.638498, 0.515671
R, 8.62684, 20.7696, -4.97491, -0.904722, 1.179002, 0.0859122, 0.0936171, 0.636838, 0.514794
L, 8.34068, 20.6905, -5.05749, -0.961292,  , 0.0857651, 0.0934095, 0.63545, 0.514141
R, 8.0878, 20.6121, -5.10848, -1.18624, 1.197375, 0.0856899, 0.0932292, 0.634327, 0.513067
L, 7.86032, 20.529, -5.02855, -1.23777,  , 0.0855821, 0.0930778, 0.633047, 0.512187
R, 7.62327, 20.4447, -5.06275, -1.509, 1.214868, 0.0854917, 0.092942, 0.632, 0.510871
L, 7.29758, 20.3877, -5.25533, -1.45902,  , 0.086113, 0.0927184, 0.632021, 0.509967
R, 7.03378, 20.2945, -5.27732, -1.57774, 1.237430, 0.0871135, 0.0925015, 0.632379, 0.509017
L, 6.78913, 20.2069, -5.22485, -1.59776,  , 0.088304, 0.092269, 0.63264, 0.508374
R, 6.53733, 20.1168, -5.22287, -1.70483, 1.257167, 0.0898211, 0.0920226, 0.633123, 0.507705
L, 6.32012, 20.0208, -5.10558, -1.73254,  , 0.091196, 0.0917702, 0.633147, 0.507347
R, 6.08224, 19.9275, -5.09767, -1.88837, 1.275450, 0.0927566, 0.0915202, 0.633365, 0.506726
L, 5.84039, 19.8305, -5.06298, -1.89519,  , 0.0945981, 0.0912929, 0.633633, 0.506506
R, 5.57331, 19.6879, -5.14956, -2.22596, 1.294913, 0.0971925, 0.0910454, 0.634738, 0.505402
L, 5.45943, 19.5545, -4.76822, -2.28764,  , 0.0982133, 0.0907993, 0.633992, 0.504381
R, 5.24124, 19.4044, -4.73643, -2.48589, 1.308418, 0.0992709, 0.090572, 0.633317, 0.503134
L, 5.05935, 19.2989, -4.5982, -2.45852,  , 0.0999879, 0.09033, 0.632309, 0.50214
R, 4.86416, 19.1842, -4.51019, -2.4563, 1.324078, 0.100563, 0.0901113, 0.631187, 0.501432
L, 4.74023, 19.0346, -4.23638, -2.51897,  , 0.10054, 0.0898839, 0.6296, 0.500805
R, 4.5075, 18.8822, -4.33213, -2.77465, 1.335735, 0.100687, 0.0896523, 0.628292, 0.499673
L, 4.35511, 18.7503, -4.16537, -2.7699,  , 0.100579, 0.0894463, 0.626774, 0.498753
R, 4.16562, 18.6054, -4.11563, -2.79455, 1.351570, 0.100438, 0.0892611, 0.625272, 0.498003
L, 4.07642, 18.4544, -3.80575, -2.82858,  , 0.100214, 0.0890945, 0.623675, 0.497405
R, 3.86669, 18.2787, -3.92515, -3.26774, 1.361692, 0.0999666, 0.0888962, 0.622104, 0.496122
L, 3.58627, 18.1332, -4.15164, -3.22552,  , 0.0998353, 0.0887479, 0.621098, 0.494913
R, 3.41332, 17.9828, -4.04884, -3.13761, 1.384967, 0.0996594, 0.088665, 0.619962, 0.494021
L, 3.18064, 17.8165, -4.12673, -3.15242,  , 0.0996811, 0.0886062, 0.619272, 0.493296
R, 2.96287, 17.6325, -4.18913, -3.44223, 1.403931, 0.0999257, 0.0885121, 0.619095, 0.492096
L, 2.81549, 17.5128, -4.03525, -3.35059,  , 0.0999709, 0.0887412, 0.618495, 0.491181
R, 2.64111, 17.2966, -3.98661, -3.70031, 1.421233, 0.100007, 0.0887554, 0.617932, 0.489958
L, 2.48634, 17.1038, -3.86633, -3.71667,  , 0.0999531, 0.0887291, 0.617136, 0.488738
R, 2.30341, 16.9383, -3.82449, -3.5355, 1.436080, 0.0999588, 0.0888183, 0.616398, 0.487831
L, 2.16543, 16.7695, -3.68375, -3.52292,  , 0.0998386, 0.0890451, 0.615396, 0.487123
R, 1.96243, 16.5702, -3.73044, -3.56204, 1.451959, 0.0998897, 0.0892263, 0.614738, 0.48647
L, 1.82685, 16.3426, -3.5855, -3.65312,  , 0.099816, 0.0892236, 0.613791, 0.485702
R, 1.65212, 16.1641, -3.5742, -3.64979, 1.469193, 0.0998121, 0.0893269, 0.61299, 0.48511
L, 1.46132, 15.999, -3.6094, -3.61819,  , 0.100002, 0.0896718, 0.612527, 0.48483
R, 1.30143, 15.7641, -3.56432, -4.0057, 1.489999, 0.10023, 0.0897943, 0.612107, 0.483697
L, 1.14882, 15.541, -3.49222, -4.04671,  , 0.100467, 0.0898183, 0.61162, 0.482575
R, 0.967038, 15.3457, -3.51318, -4.04296, 1.507368, 0.100952, 0.0899083, 0.611451, 0.481514
L, 0.766079, 15.1222, -3.5786, -4.08207,  , 0.101954, 0.0899256, 0.611866, 0.480465
R, 0.609213, 14.9404, -3.51931, -3.97811, 1.531459, 0.103089, 0.0901134, 0.612241, 0.479721
L, 0.551238, 14.734, -3.20003, -3.98515,  , 0.103445, 0.0903488, 0.611478, 0.479075
R, 0.414873, 14.4879, -3.13356, -4.30526, 1.543886, 0.103786, 0.0903999, 0.610672, 0.477959
L, 0.256425, 14.2614, -3.13724, -4.32564,  , 0.104302, 0.0904065, 0.610051, 0.476856
R, 0.0981451, 14.0033, -3.13535, -4.66413, 1.563708, 0.105034, 0.0902693, 0.609608, 0.476075
L, 0.140408, 13.7582, -2.59525, -4.66967,  , 0.104822, 0.0900826, 0.608203, 0.475235
R, 0.0157517, 13.5115, -2.57885, -4.81817, 1.570009, 0.104606, 0.0898764, 0.606814, 0.474727
L, -0.142673, 13.2726, -2.65903, -4.81693,  , 0.104465, 0.0896733, 0.605538, 0.474124
R, -0.278724, 13.0533, -2.67299, -4.66334, 1.591943, 0.104366, 0.0894696, 0.604361, 0.473131
L, -0.236626, 12.8422, -2.19658, -4.6061,  , 0.10428, 0.089271, 0.603144, 0.472071
R, -0.374087, 12.6129, -2.27611, -4.52003, 1.598260, 0.104135, 0.0890733, 0.601806, 0.471026
L, -0.483844, 12.3832, -2.26487, -4.52627,  , 0.104011, 0.0888769, 0.600464, 0.470001
R, -0.623884, 12.1699, -2.33845, -4.52221, 1.619872, 0.103824, 0.0887002, 0.599139, 0.469008
L, -0.67986, 11.9615, -2.17276, -4.48276,  , 0.103819, 0.0885739, 0.597819, 0.468104
R, -0.826529, 11.7251, -2.27369, -4.56169, 1.637874, 0.103683, 0.0884403, 0.596519, 0.467129
L, -1.02865, 11.4767, -2.51513, -4.61106,  , 0.10347, 0.0882774, 0.595681, 0.466134
R, -1.13691, 11.2481, -2.478, -4.51086, 1.673086, 0.10326, 0.0881284, 0.594845, 0.465308
L, -1.30909, 11.0226, -2.60998, -4.52011,  , 0.103227, 0.0880058, 0.594555, 0.464505
R, -1.41225, 10.7686, -2.49878, -4.80473, 1.703352, 0.103193, 0.0878466, 0.59399, 0.463508
L, -1.52582, 10.5116, -2.46849, -4.8326,  , 0.10321, 0.0876634, 0.593433, 0.462524
R, -1.63769, 10.2399, -2.4134, -5.02303, 1.730026, 0.103281, 0.0874805, 0.592802, 0.461797
L, -1.69915, 10.0356, -2.24831, -4.92104,  , 0.103196, 0.0873016, 0.591825, 0.460878
R, -1.78888, 9.80475, -2.19069, -4.85513, 1.753777, 0.103087, 0.0871346, 0.590796, 0.459901
L, -1.83395, 9.59459, -2.01143, -4.77595,  , 0.102878, 0.087034, 0.589575, 0.458932
R, -1.96315, 9.33192, -2.06074, -4.97145, 1.774696, 0.102726, 0.0868839, 0.588436, 0.458047
L, -2.03596, 9.0353, -1.9823, -5.05079,  , 0.102536, 0.0867076, 0.587245, 0.457277
R, -2.11477, 8.8146, -1.94477, -4.89995, 1.809269, 0.102331, 0.0865257, 0.586049, 0.456325
L, -2.20145, 8.56637, -1.91619, -4.90221,  , 0.102123, 0.0863445, 0.584853, 0.455377
R, -2.34404, 8.30107, -2.037, -4.99643, 1.840158, 0.102008, 0.0861771, 0.583828, 0.4545
L, -2.36493, 8.08168, -1.81073, -4.90707,  , 0.101796, 0.0859981, 0.582617, 0.45356
R, -2.412, 7.87557, -1.67824, -4.83119, 1.874450, 0.10162, 0.0858576, 0.581444, 0.452635
L, -2.53031, 7.62253, -1.77434, -4.86813,  , 0.101414, 0.0857034, 0.580247, 0.451705
R, -2.69591, 7.37982, -2.03357, -4.77771, 1.911851, 0.101295, 0.0855531, 0.579346, 0.450841
L, -2.80264, 7.12659, -2.05018, -4.80789,  , 0.101238, 0.0853923, 0.578506, 0.449958
R, -2.85877, 6.89363, -1.8573, -4.91011, 1.970022, 0.101094, 0.0852499, 0.577387, 0.449042
L, -2.87545, 6.70383, -1.63862, -4.75712,  , 0.100893, 0.085277, 0.576242, 0.448232
R, -2.91423, 6.4941, -1.56688, -4.56802, 1.999767, 0.100764, 0.0854879, 0.575159, 0.447847
L, -2.96877, 6.26481, -1.50289, -4.55565,  , 0.100733, 0.0857987, 0.57416, 0.447508
R, -3.10022, 6.005, -1.61771, -4.74212, 2.037805, 0.100575, 0.0860152, 0.573042, 0.446738
L, -3.19659, 5.72047, -1.6726, -4.84887,  , 0.1004, 0.0860316, 0.571905, 0.445864
R, -3.3037, 5.4697, -1.80374, -4.77957, 2.110330, 0.100205, 0.0860265, 0.570797, 0.445053
L, -3.41224, 5.20207, -1.86097, -4.85347,  , 0.100008, 0.0859463, 0.569738, 0.444186
R, -3.47819, 4.9557, -1.72344, -4.93122, 2.186071, 0.0998142, 0.0858636, 0.568616, 0.443313
L, -3.60929, 4.65975, -1.85522, -5.07652,  , 0.0996394, 0.0856977, 0.567554, 0.442578
R, -3.71294, 4.40444, -1.97192, -4.99115, 2.269600, 0.0994931, 0.0855302, 0.566634, 0.44175
L, -3.86219, 4.118, -2.11053, -5.121,  , 0.0995439, 0.0854022, 0.565984, 0.441117
R, -3.93617, 3.8823, -1.92758, -5.13282, 2.369703, 0.0995384, 0.0852601, 0.564983, 0.440522
L, -3.99302, 3.66446, -1.82073, -5.00033,  , 0.0994324, 0.0850961, 0.5639, 0.439731
R, -4.07521, 3.47932, -1.86004, -4.76386, 2.445258, 0.0993104, 0.0849963, 0.562833, 0.43894
L, -4.16604, 3.23685, -1.85635, -4.77298,  , 0.0991918, 0.0849, 0.561763, 0.438139
R, -4.28359, 2.97598, -1.98109, -4.81461, 2.528194, 0.099151, 0.0847683, 0.560777, 0.437312
L, -4.38066, 2.69187, -1.9888, -4.93028,  , 0.0991297, 0.0846074, 0.559784, 0.436506
R, -4.46583, 2.44446, -1.90564, -4.94615, 2.641959, 0.0990832, 0.084449, 0.55873, 0.435726
L, -4.57397, 2.16844, -1.93858, -5.03929,  , 0.0990884, 0.0843321, 0.557684, 0.43509
R, -4.67443, 1.9468, -2.12796, -4.88541, 2.752237, 0.0991156, 0.0841862, 0.556798, 0.43429
L, -4.79985, 1.65669, -2.17058, -5.03719,  , 0.0992762, 0.0841481, 0.555942, 0.433704
R, -4.92129, 1.40601, -2.25805, -5.0278, 2.862834, 0.0995683, 0.084147, 0.5552, 0.433129
L, -4.97281, 1.19508, -2.14013, -4.85954,  , 0.099618, 0.0840584, 0.554243, 0.43235
R, -5.0638, 0.996561, -2.07023, -4.71838, 2.956314, 0.0996301, 0.0839077, 0.553224, 0.431558
L, -5.11697, 0.779917, -1.97772, -4.62763,  , 0.0995007, 0.0837536, 0.55222, 0.430824
R, -5.21987, 0.453192, -2.06723, -4.9207, 3.036811, 0.0993709, 0.0837533, 0.551205, 0.430185
L, -5.29137, 0.220292, -2.01086, -4.86364,  , 0.0991961, 0.0837413, 0.550234, 0.429493
R, -5.40003, -0.0707355, -1.89549, -5.01293, -3.137347, 0.0990237, 0.0839924, 0.549452, 0.429142
L, -5.46466, -0.29409, -1.849, -4.91678,  , 0.0988526, 0.0841795, 0.548842, 0.428612
R, -5.58214, -0.456138, -2.01186, -4.67257, -3.044737, 0.0986777, 0.08409, 0.548004, 0.427837
L, -5.71615, -0.618803, -2.10426, -4.45973,  , 0.0985001, 0.0839431, 0.547104, 0.427185
R, -5.83243, -0.845845, -2.35379, -4.51217, -2.997985, 0.0983239, 0.0837999, 0.546125, 0.426453
L, -5.93231, -1.12903, -2.29457, -4.68658,  , 0.098149, 0.0836748, 0.545157, 0.425735
R, -6.02054, -1.41053, -2.21683, -4.82731, -2.919842, 0.0980018, 0.0836883, 0.544288, 0.425288
L, -6.161, -1.60598, -2.29589, -4.69019,  , 0.0978345, 0.0836054, 0.543387, 0.424643
R, -6.3026, -1.85563, -2.58518, -4.81201, -2.856323, 0.0976609, 0.0835918, 0.542455, 0.424303
L, -6.41376, -2.11211, -2.54189, -4.85969,  , 0.0974927, 0.083709, 0.541496, 0.424194
R, -6.5662, -2.30313, -2.55371, -4.68013, -2.795985, 0.0973223, 0.0836973, 0.540544, 0.423694
L, -6.71691, -2.50531, -2.61701, -4.58606,  , 0.0971669, 0.0836296, 0.539595, 0.423089
R, -6.87325, -2.71831, -2.71537, -4.55136, -2.761652, 0.0970475, 0.0835468, 0.538655, 0.422488
L, -6.96028, -3.00402, -2.58603, -4.72338,  , 0.0968787, 0.0837175, 0.537781, 0.422381
R, -7.08715, -3.23029, -2.53742, -4.67262, -2.712904, 0.096711, 0.0839423, 0.537034, 0.422233
L, -7.20935, -3.41129, -2.55898, -4.52987,  , 0.0965539, 0.0840064, 0.536342, 0.421809
R, -7.35178, -3.67648, -2.59307, -4.64564, -2.681317, 0.096398, 0.0843481, 0.535686, 0.421837
L, -7.51362, -3.78437, -2.73021, -4.30328,  , 0.0962335, 0.0842585, 0.534901, 0.42118
R, -7.65734, -3.99928, -2.8266, -4.34455, -2.659868, 0.0960714, 0.0841858, 0.534069, 0.420645
L, -7.80914, -4.23439, -2.83774, -4.38877,  , 0.0959098, 0.0842028, 0.533293, 0.420302
R, -7.95641, -4.46277, -2.85167, -4.41529, -2.630984, 0.0957524, 0.084323, 0.53258, 0.420164
L, -8.11602, -4.70747, -2.87319, -4.4722,  , 0.095594, 0.0846821, 0.531927, 0.420393
R, -8.25171, -4.9112, -2.72175, -4.33326, -2.603378, 0.0954584, 0.0850722, 0.531784, 0.420309
L, -8.37845, -5.1258, -2.70357, -4.33113,  , 0.0953932, 0.0855864, 0.531887, 0.420394
R, -8.52475, -5.28656, -2.70267, -4.14831, -2.581193, 0.0953821, 0.0858846, 0.532201, 0.420086
L, -8.71379, -5.47808, -2.82374, -4.08908,  , 0.0953098, 0.0861867, 0.532274, 0.419772
R, -8.87036, -5.68267, -2.88964, -4.10569, -2.571051, 0.0952753, 0.0865911, 0.532314, 0.419666
L, -9.02704, -5.86063, -2.92961, -4.03273,  , 0.0952944, 0.0869494, 0.532411, 0.419521
R, -9.16381, -6.01322, -2.88345, -3.87776, -2.557632, 0.0954773, 0.0871418, 0.532896, 0.419134
L, -9.34467, -6.09198, -3.02004, -3.57764,  , 0.0956489, 0.0870189, 0.533067, 0.418449
R, -9.52065, -6.28219, -3.13729, -3.6434, -2.557947, 0.0958463, 0.0869198, 0.533029, 0.417879
L, -9.65637, -6.49817, -3.07621, -3.73537,  , 0.0963209, 0.0869383, 0.533407, 0.417627
R, -9.88109, -6.66554, -3.36878, -3.75067, -2.543440, 0.09657, 0.0869526, 0.533028, 0.417624
L, -10.0918, -6.82995, -3.46877, -3.67744,  , 0.096716, 0.0869648, 0.532547, 0.417613
R, -10.273, -6.9993, -3.53256, -3.6658, -2.542190, 0.0969148, 0.0870049, 0.532048, 0.417813
L, -10.511, -7.1843, -3.66038, -3.64611,  , 0.0969351, 0.0871583, 0.531412, 0.418226
R, -10.7118, -7.33263, -3.71785, -3.55696, -2.538388, 0.0969462, 0.087285, 0.530773, 0.418586
L, -10.9672, -7.49547, -3.87066, -3.49289,  , 0.0968247, 0.08747, 0.530005, 0.419001
R, -11.1435, -7.64664, -3.76638, -3.38747, -2.539483, 0.0967567, 0.0876786, 0.529472, 0.419313
L, -11.2904, -7.79805, -3.68805, -3.35997,  , 0.0968882, 0.0879341, 0.529245, 0.419847
R, -11.4749, -7.93735, -3.69023, -3.28101, -2.534755, 0.097131, 0.088195, 0.529156, 0.4204
L, -11.6575, -8.02874, -3.71936, -3.10494,  , 0.0975278, 0.0882597, 0.529127, 0.420594
R, -11.8355, -8.15714, -3.61211, -2.97123, -2.536925, 0.0981498, 0.0883208, 0.529651, 0.420631
L, -12.0563, -8.23042, -3.72972, -2.77218,  , 0.0987282, 0.0882342, 0.5299, 0.420358
R, -12.284, -8.37007, -4.01825, -2.89506, -2.541967, 0.0992345, 0.0881923, 0.52945, 0.420777
L, -12.4973, -8.44168, -4.07592, -2.71218,  , 0.0997797, 0.0880697, 0.528974, 0.420866
R, -12.6851, -8.54597, -3.92223, -2.55194, -2.547625, 0.100563, 0.0879416, 0.529013, 0.420754
L, -12.9799, -8.62158, -4.14906, -2.38563,  , 0.10088, 0.0878054, 0.52856, 0.420464
R, -13.2264, -8.73395, -4.30585, -2.39965, -2.556256, 0.101091, 0.0876692, 0.527904, 0.420484
L, -13.4576, -8.77167, -4.37296, -2.19242,  , 0.101287, 0.087586, 0.527212, 0.420211
R, -13.6486, -8.83801, -4.15279, -1.98098, -2.565643, 0.101683, 0.0875615, 0.527024, 0.419726
L, -13.8826, -8.94019, -4.20561, -1.97809,  , 0.102063, 0.0874966, 0.526786, 0.419436
R, -14.1345, -9.04305, -4.45681, -2.07596, -2.571290, 0.102339, 0.0873917, 0.526123, 0.419763
L, -14.3691, -9.15266, -4.47856, -2.08548,  , 0.102615, 0.0872588, 0.525473, 0.420573
R, -14.5772, -9.25102, -4.34599, -2.01342, -2.576304, 0.103041, 0.0871338, 0.525114, 0.421546
L, -14.8876, -9.2234, -4.58684, -1.66213,  , 0.103116, 0.0870882, 0.524404, 0.42156
R, -15.1332, -9.31959, -4.57469, -1.66358, -2.589757, 0.103167, 0.0869757, 0.523736, 0.421964
L, -15.4139, -9.42507, -4.67191, -1.69767,  , 0.103099, 0.0868502, 0.522995, 0.423005
R, -15.6299, -9.48926, -4.44655, -1.53551, -2.595486, 0.103097, 0.0867405, 0.522615, 0.423809
L, -15.9013, -9.55246, -4.55127, -1.48266,  , 0.103019, 0.0866646, 0.522067, 0.424898
R, -16.1321, -9.59237, -4.47396, -1.33913, -2.603490, 0.102969, 0.0865962, 0.521693, 0.425844
L, -16.4005, -9.5559, -4.60251, -1.06704,  , 0.102865, 0.0864678, 0.521106, 0.426138
R, -16.5917, -9.5915, -4.45128, -0.993928, -2.617653, 0.10289, 0.0863392, 0.52083, 0.426598
L, -16.9016, -9.53971, -4.66314, -0.709194,  , 0.102767, 0.0862883, 0.520184, 0.426503
R, -17.1414, -9.62207, -4.70733, -0.850448, -2.632006, 0.102649, 0.0861607, 0.519495, 0.427355
L, -17.4223, -9.61716, -4.81474, -0.715239,  , 0.1025, 0.086035, 0.518739, 0.428132
R, -17.6604, -9.6376, -4.67691, -0.604149, -2.641438, 0.102353, 0.0859102, 0.518084, 0.428945
L, -17.9354, -9.576, -4.78974, -0.360227,  , 0.102206, 0.0858202, 0.51734, 0.429259
R, -18.157, -9.57297, -4.62208, -0.242554, -2.655896, 0.102057, 0.0857188, 0.516739, 0.429585
L, -18.3619, -9.60465, -4.5638, -0.301166,  , 0.101938, 0.085596, 0.516207, 0.430667
R, -18.5824, -9.61935, -4.5922, -0.325275, -2.664072, 0.101854, 0.0855133, 0.515614, 0.432508
L, -18.8536, -9.57993, -4.69224, -0.170684,  , 0.101725, 0.0854161, 0.514905, 0.43415
R, -19.0673, -9.56785, -4.64595, -0.120725, -2.676087, 0.101635, 0.0853606, 0.514217, 0.436188
L, -19.3444, -9.40683, -4.78665, 0.313996,  , 0.101497, 0.0852902, 0.513477, 0.436683
R, -19.5569, -9.36484, -4.55765, 0.456537, -2.694449, 0.101387, 0.0852095, 0.512828, 0.437096
L, -19.838, -9.1997, -4.70411, 0.833732,  , 0.101242, 0.0855228, 0.512093, 0.436779
R, -20.0652, -9.11368, -4.61682, 0.981774, -2.713570, 0.101099, 0.0859831, 0.511369, 0.436412
L, -20.2208, -9.26754, -4.41374, 0.441961,  , 0.101068, 0.0858786, 0.510774, 0.438675
R, -20.4429, -9.25874, -4.3932, 0.416907, -2.716837, 0.101059, 0.0859106, 0.510159, 0.441862
L, -20.6905, -9.12171, -4.48024, 0.720452,  , 0.101003, 0.0858122, 0.509449, 0.443843
R, -20.9191, -9.06889, -4.37499, 0.815216, -2.731771, 0.100943, 0.0857692, 0.508774, 0.445943
L, -21.1298, -8.97392, -4.37422, 0.949851,  , 0.100914, 0.0857157, 0.508074, 0.447926
R, -21.3484, -8.917, -4.25016, 1.02533, -2.745556, 0.100892, 0.0857694, 0.50742, 0.450129
L, -21.549, -8.8729, -4.22537, 1.00311,  , 0.100921, 0.0860706, 0.506747, 0.453181
R, -21.7194, -8.77566, -3.88972, 1.21664, -2.756396, 0.101117, 0.0864242, 0.506465, 0.455565
L, -21.9385, -8.65641, -3.95184, 1.37355,  , 0.101284, 0.0867419, 0.505957, 0.457666
R, -22.1398, -8.5675, -4.0108, 1.40983, -2.771516, 0.101484, 0.0872284, 0.505311, 0.460197
L, -22.3986, -8.42407, -4.13984, 1.61485,  , 0.101493, 0.0875981, 0.504618, 0.462146
R, -22.5729, -8.34206, -3.92837, 1.66048, -2.788020, 0.101595, 0.0882641, 0.503941, 0.464437
L, -22.8558, -8.02318, -4.147, 2.29218,  , 0.101487, 0.0881677, 0.503364, 0.464442
R, -23.0288, -7.91186, -3.78062, 2.37074, -2.811248, 0.101417, 0.0881217, 0.50269, 0.464523
L, -23.283, -7.68852, -3.92512, 2.66015,  , 0.101278, 0.0880019, 0.502058, 0.464164
R, -23.4781, -7.54352, -3.94136, 2.68651, -2.830262, 0.10114, 0.0878817, 0.501533, 0.463959
L, -23.6539, -7.40014, -3.90328, 2.70404,  , 0.101003, 0.0877635, 0.50108, 0.463958
R, -23.8362, -7.24797, -3.76728, 2.77816, -2.845902, 0.100866, 0.0876498, 0.500561, 0.46402
L, -23.9989, -7.17313, -3.70811, 2.6049,  , 0.100732, 0.0877173, 0.500089, 0.465051
R, -24.1547, -7.01474, -3.45051, 2.72815, -2.858213, 0.100606, 0.0878267, 0.499447, 0.465942
L, -24.3426, -6.7122, -3.50754, 3.16399,  , 0.10047, 0.0877088, 0.498964, 0.465726
R, -24.4962, -6.56528, -3.21886, 3.18983, -2.880386, 0.100337, 0.0876015, 0.498308, 0.465656
L, -24.5924, -6.43925, -3.09373, 3.08633,  , 0.100265, 0.0875917, 0.497647, 0.466164
R, -24.7208, -6.27601, -2.91852, 3.1338, -2.892884, 0.100239, 0.0876539, 0.496983, 0.466796
L, -24.9266, -6.02585, -3.04261, 3.39243,  , 0.100116, 0.087575, 0.496438, 0.466838
R, -25.0467, -5.83636, -2.84993, 3.46709, -2.912189, 0.100013, 0.0875064, 0.495819, 0.466885
L, -25.1911, -5.65521, -2.85431, 3.48792,  , 0.0998977, 0.0874742, 0.495313, 0.467085
R, -25.3341, -5.4805, -2.80204, 3.49948, -2.928532, 0.0997716, 0.0875181, 0.494894, 0.467473
L, -25.5006, -5.22104, -2.85995, 3.72682,  , 0.0996467, 0.0874399, 0.494827, 0.467394
R, -25.6177, -5.06248, -2.75357, 3.65716, -2.947725, 0.0995225, 0.0874782, 0.494782, 0.467696
L, -25.7443, -4.89029, -2.73225, 3.62685,  , 0.0994117, 0.0876644, 0.495003, 0.468313
R, -25.8543, -4.70181, -2.53181, 3.66597, -2.961615, 0.0993067, 0.0879762, 0.494991, 0.468998
L, -25.9861, -4.41985, -2.54978, 3.92669,  , 0.0992539, 0.0880278, 0.495384, 0.469017
R, -26.0867, -4.23062, -2.0857, 3.9629, -2.981245, 0.0992172, 0.0881953, 0.494951, 0.469078
L, -26.1919, -3.89374, -2.09697, 4.32889,  , 0.0992251, 0.08809, 0.494766, 0.468553
R, -26.2581, -3.68337, -1.68292, 4.3481, -3.002655, 0.0991966, 0.0880007, 0.494167, 0.468057
L, -26.2922, -3.3895, -1.59547, 4.54204,  , 0.099097, 0.0878956, 0.493598, 0.467458
R, -26.3338, -3.16122, -1.29259, 4.56334, -3.022247, 0.0989745, 0.0877894, 0.492962, 0.466867
L, -26.3631, -2.91731, -1.22896, 4.59984,  , 0.0988493, 0.0876931, 0.492334, 0.466279
R, -26.4114, -2.70274, -1.0863, 4.56655, -3.040243, 0.098728, 0.0875836, 0.491705, 0.465727
L, -26.4939, -2.57583, -1.13611, 4.30161,  , 0.0986036, 0.0876017, 0.491188, 0.465625
R, -26.5397, -2.35008, -1.01721, 4.33625, -3.052911, 0.0984807, 0.0876521, 0.490682, 0.465502
L, -26.6026, -2.14795, -1.0389, 4.29882,  , 0.0983771, 0.0878308, 0.490404, 0.465524
R, -26.6232, -1.92214, -0.872336, 4.33077, -3.069198, 0.0982647, 0.0880648, 0.490058, 0.465512
L, -26.637, -1.63858, -0.818013, 4.50506,  , 0.0981459, 0.0881306, 0.489852, 0.46517
R, -26.6255, -1.43253, -0.406634, 4.45973, -3.088665, 0.0980227, 0.0883227, 0.489268, 0.464932
L, -26.639, -1.1831, -0.393806, 4.52925,  , 0.0978997, 0.0884799, 0.488791, 0.464587
R, -26.6599, -0.973074, -0.234847, 4.48836, -3.105724, 0.0977779, 0.0887721, 0.48828, 0.464323
L, -26.6828, -0.686464, -0.252584, 4.65434,  , 0.0976704, 0.0888767, 0.487976, 0.463828
R, -26.6635, -0.451887, 0.113835, 4.65753, -3.124597, 0.0975549, 0.0890058, 0.487395, 0.463331
L, -26.6256, -0.106636, 0.178329, 4.95367,  , 0.0974332, 0.0889049, 0.486859, 0.462795
R, -26.5982, 0.134621, 0.440428, 4.93025, 3.136293, 0.0973128, 0.0888044, 0.486256, 0.462251
L, -26.5825, 0.459503, 0.435209, 5.13856,  , 0.0971921, 0.08874, 0.485721, 0.461967
R, -26.5588, 0.707593, 0.530652, 5.11049, 3.114626, 0.0970738, 0.0886896, 0.485213, 0.461659
L, -26.5632, 1.00071, 0.478686, 5.21111,  , 0.0969941, 0.0887773, 0.484958, 0.461586
R, -26.5099, 1.28413, 0.583948, 5.26912, 3.094104, 0.0969042, 0.0890409, 0.484737, 0.461709
L, -26.4692, 1.49828, 0.598699, 5.13825,  , 0.0968293, 0.089205, 0.484755, 0.461569
R, -26.4199, 1.7069, 0.786742, 4.99473, 3.075304, 0.096768, 0.0892719, 0.484616, 0.461216
L, -26.3803, 1.89138, 0.778319, 4.82184,  , 0.0967549, 0.0892171, 0.484791, 0.460703
R, -26.3041, 2.11787, 1.10288, 4.75783, 3.060814, 0.0967267, 0.0891513, 0.4845, 0.46017
L, -26.2531, 2.28718, 1.0853, 4.57617,  , 0.0967577, 0.0890434, 0.484487, 0.459615
R, -26.1814, 2.50847, 1.19467, 4.54758, 3.045852, 0.0968153, 0.0889382, 0.484489, 0.45906
L, -26.1103, 2.76589, 1.21989, 4.6273,  , 0.0969221, 0.0888334, 0.484724, 0.458522
R, -26.0102, 2.9837, 1.64754, 4.54543, 3.027036, 0.0970034, 0.0887265, 0.484304, 0.457973
L, -25.906, 3.29733, 1.70188, 4.77441,  , 0.0970651, 0.0887446, 0.483966, 0.457684
R, -25.8147, 3.53351, 1.87126, 4.74357, 3.005494, 0.0971647, 0.0888032, 0.483543, 0.457422
L, -25.7169, 3.71869, 1.86915, 4.60664,  , 0.097301, 0.0887753, 0.483289, 0.457028
R, -25.5934, 3.92421, 2.10065, 4.5115, 2.988678, 0.0974046, 0.088726, 0.482848, 0.456583
L, -25.538, 4.07996, 1.99557, 4.32428,  , 0.0977671, 0.0886206, 0.48276, 0.456049
R, -25.4085, 4.27712, 2.21644, 4.2445, 2.974285, 0.0981027, 0.0885159, 0.482446, 0.455509
L, -25.2493, 4.51658, 2.31079, 4.31996,  , 0.098308, 0.0884176, 0.48214, 0.455043
R, -25.0883, 4.71792, 2.43885, 4.27553, 2.955476, 0.0984159, 0.0883171, 0.481789, 0.45459
L, -24.9805, 4.91003, 2.40795, 4.21735,  , 0.098638, 0.0882133, 0.481664, 0.454142
R, -24.8146, 5.10643, 2.65469, 4.14708, 2.938445, 0.0987763, 0.0881093, 0.481278, 0.453686
L, -24.6493, 5.33816, 2.72066, 4.21441,  , 0.0988589, 0.0880251, 0.480928, 0.453395
R, -24.4687, 5.52526, 3.083, 4.08794, 2.918982, 0.0988656, 0.0879351, 0.480365, 0.453017
L, -24.2864, 5.69457, 3.12592, 3.99973,  , 0.0988199, 0.0878335, 0.479813, 0.452613
R, -24.1141, 5.85923, 3.35946, 3.85283, 2.902002, 0.0987564, 0.0877328, 0.479268, 0.452136
L, -23.947, 6.01183, 3.34685, 3.74838,  , 0.0986915, 0.0876553, 0.47871, 0.451637
R, -23.7892, 6.21158, 3.20411, 3.81501, 2.886573, 0.0986474, 0.0875609, 0.478291, 0.451261
L, -23.6391, 6.35836, 3.1728, 3.69917,  , 0.098654, 0.0874978, 0.478031, 0.450836
R, -23.4789, 6.53858, 3.26847, 3.65918, 2.869817, 0.0987064, 0.0874257, 0.477741, 0.450446
L, -23.2512, 6.79523, 3.4103, 3.86051,  , 0.0986549, 0.0873458, 0.477354, 0.450567
R, -23.0436, 6.94689, 3.60221, 3.71526, 2.847592, 0.0985713, 0.0872536, 0.476852, 0.450515
L, -22.8382, 7.1176, 3.64498, 3.68075,  , 0.0984716, 0.0871682, 0.476372, 0.450553
R, -22.6124, 7.27066, 3.94033, 3.53254, 2.829820, 0.0983587, 0.0870785, 0.475834, 0.450427
L, -22.4422, 7.39075, 3.87096, 3.38198,  , 0.098254, 0.0869794, 0.475303, 0.450166
R, -22.1977, 7.54225, 4.28763, 3.23047, 2.814044, 0.0981462, 0.0868807, 0.474946, 0.449797
L, -22.0238, 7.6843, 4.20425, 3.17251,  , 0.0980352, 0.0867838, 0.474447, 0.449451
R, -21.8223, 7.87728, 4.14165, 3.28189, 2.796442, 0.0979254, 0.0867027, 0.473908, 0.449432
L, -21.6294, 8.00122, 4.10064, 3.17618,  , 0.0978226, 0.0866098, 0.473388, 0.449349
R, -21.4276, 8.14537, 4.18222, 3.10023, 2.777680, 0.0977265, 0.0865223, 0.472861, 0.449265
L, -21.2313, 8.13916, 4.09945, 2.6865,  , 0.0976481, 0.0865836, 0.472418, 0.44877
R, -21.0252, 8.30509, 4.0329, 2.80143, 2.766717, 0.0975829, 0.0865559, 0.472118, 0.448438
L, -20.8629, 8.44941, 3.95883, 2.80335,  , 0.0976347, 0.0864963, 0.472039, 0.448224
R, -20.6018, 8.58463, 4.36504, 2.68275, 2.747660, 0.0975953, 0.08642, 0.471523, 0.447938
L, -20.3516, 8.72321, 4.42847, 2.70157,  , 0.0975159, 0.0863279, 0.471003, 0.447813
R, -20.1412, 8.86353, 4.35636, 2.73624, 2.727044, 0.0974566, 0.0862323, 0.470548, 0.447929
L, -19.9637, 8.93997, 4.25415, 2.57401,  , 0.0975011, 0.0861449, 0.47026, 0.447845
R, -19.756, 9.06098, 4.2443, 2.55148, 2.711156, 0.0976078, 0.0860507, 0.470052, 0.447872
L, -19.5526, 9.11509, 4.19765, 2.36478,  , 0.0978096, 0.0860016, 0.470007, 0.447671
R, -19.2937, 9.24257, 4.48114, 2.31175, 2.696224, 0.0979214, 0.0859192, 0.469583, 0.447506
L, -19.0039, 9.33684, 4.6017, 2.27603,  , 0.0978941, 0.0858381, 0.469095, 0.447408
R, -18.7782, 9.42862, 4.68846, 2.16425, 2.675233, 0.0978888, 0.0857574, 0.468587, 0.447234
L, -18.5251, 9.52473, 4.7204, 2.13934,  , 0.0978539, 0.0856713, 0.46808, 0.447146
R, -18.2452, 9.57461, 5.04207, 1.86768, 2.656863, 0.0977647, 0.0856239, 0.467693, 0.446756
L, -17.9401, 9.70944, 5.16591, 1.98552,  , 0.0976641, 0.0855308, 0.467434, 0.446637
R, -17.6761, 9.82233, 5.0925, 2.07378, 2.635121, 0.0975803, 0.0854472, 0.467046, 0.446873
L, -17.409, 9.91875, 5.11452, 2.05966,  , 0.0975268, 0.0853852, 0.466656, 0.447253
R, -17.142, 10.0172, 5.23175, 1.99351, 2.612837, 0.0975128, 0.0853666, 0.466387, 0.447628
L, -16.879, 10.1255, 5.23843, 2.01499,  , 0.097536, 0.085446, 0.466096, 0.448265
R, -16.6057, 10.2124, 5.33389, 1.93423, 2.589923, 0.0976295, 0.0855951, 0.465925, 0.448841
L, -16.3794, 10.2903, 5.24199, 1.87593,  , 0.097663, 0.0858017, 0.465587, 0.449425
R, -16.1036, 10.378, 5.37329, 1.79475, 2.569248, 0.0977701, 0.0861285, 0.46542, 0.449941
L, -15.9058, 10.3575, 5.1734, 1.50659,  , 0.0977474, 0.0861772, 0.464981, 0.449873
R, -15.6475, 10.4297, 5.19158, 1.48447, 2.553526, 0.0977395, 0.086281, 0.464545, 0.449879
L, -15.4658, 10.3839, 4.97112, 1.17113,  , 0.0976412, 0.0861995, 0.464058, 0.449489
R, -15.1465, 10.4296, 5.35418, 0.9938, 2.540171, 0.0976277, 0.086117, 0.463768, 0.449022
L, -14.8935, 10.4706, 5.31925, 0.96825,  , 0.0976142, 0.0860325, 0.463417, 0.448568
R, -14.6482, 10.5029